date,px
2011-09-12,71.2653
2011-09-13,71.0111
2011-09-14,70.9847
2011-09-15,70.5314
2011-09-16,70.5980
2011-09-19,71.1191
2011-09-20,71.0208
2011-09-21,71.1584
2011-09-22,72.6951
2011-09-23,72.3855
2011-09-26,72.4871
2011-09-27,71.9025
2011-09-28,71.9497
2011-09-29,72.1896
2011-09-30,72.8115
2011-10-03,73.3181
2011-10-04,73.7676
2011-10-05,73.3171
2011-10-06,73.0694
2011-10-07,72.5042
2011-10-10,.
2011-10-11,72.0587
2011-10-12,71.4619
2011-10-13,71.7415
2011-10-14,71.2799
2011-10-17,71.4238
2011-10-18,71.6032
2011-10-19,71.3704
2011-10-20,71.8065
2011-10-21,70.8570
2011-10-24,70.5805
2011-10-25,70.7948
2011-10-26,70.9422
2011-10-27,69.7054
2011-10-28,69.7243
2011-10-31,70.4775
2011-11-01,71.8291
2011-11-02,71.3292
2011-11-03,71.4539
2011-11-04,71.5510
2011-11-07,71.5946
2011-11-08,71.3687
2011-11-09,71.9343
2011-11-10,71.9481
2011-11-11,.
2011-11-14,71.7963
2011-11-15,72.1885
2011-11-16,72.1979
2011-11-17,72.2023
2011-11-18,72.2811
2011-11-21,72.6345
2011-11-22,72.6768
2011-11-23,73.3833
2011-11-24,.
2011-11-25,73.6988
2011-11-28,73.1382
2011-11-29,72.9532
2011-11-30,72.3518
2011-12-01,72.2469
2011-12-02,72.5451
2011-12-05,72.2451
2011-12-06,72.4112
2011-12-07,72.3499
2011-12-08,72.7060
2011-12-09,72.6031
2011-12-12,73.2737
2011-12-13,73.5376
2011-12-14,74.2045
2011-12-15,73.8810
2011-12-16,73.8909
2011-12-19,73.9048
2011-12-20,73.4651
2011-12-21,73.6094
2011-12-22,73.4448
2011-12-23,73.4693
2011-12-26,.
2011-12-27,73.2937
2011-12-28,73.8239
2011-12-29,73.6923
2011-12-30,73.3470
2012-01-02,.
2012-01-03,72.8465
2012-01-04,73.2661
2012-01-05,73.9214
2012-01-06,74.1328
2012-01-09,74.1313
2012-01-10,73.7497
2012-01-11,74.1316
2012-01-12,73.7944
2012-01-13,74.2707
2012-01-16,.
2012-01-17,73.8109
2012-01-18,73.5973
2012-01-19,73.2586
2012-01-20,73.2610
2012-01-23,72.8838
2012-01-24,73.1472
2012-01-25,73.3283
2012-01-26,72.4413
2012-01-27,72.2777
2012-01-30,72.4196
2012-01-31,72.6142
2012-02-01,72.0859
2012-02-02,72.1239
2012-02-03,72.2494
2012-02-06,72.1964
2012-02-07,71.9492
2012-02-08,72.0041
2012-02-09,71.9184
2012-02-10,72.4143
2012-02-13,72.2748
2012-02-14,72.5872
2012-02-15,72.6363
2012-02-16,72.6371
2012-02-17,72.6593
2012-02-20,.
2012-02-21,72.4498
2012-02-22,72.6958
2012-02-23,72.4937
2012-02-24,72.1823
2012-02-27,72.2176
2012-02-28,72.0541
2012-02-29,72.1509
2012-03-01,72.2092
2012-03-02,72.6774
2012-03-05,72.7207
2012-03-06,73.1444
2012-03-07,73.0419
2012-03-08,72.6595
2012-03-09,73.1839
2012-03-12,73.1833
2012-03-13,73.1994
2012-03-14,73.6556
2012-03-15,73.4719
2012-03-16,73.1266
2012-03-19,72.8581
2012-03-20,73.1153
2012-03-21,73.1874
2012-03-22,73.2014
2012-03-23,72.9355
2012-03-26,72.6850
2012-03-27,72.7205
2012-03-28,72.9240
2012-03-29,72.9537
2012-03-30,72.7516
2012-04-02,72.5492
2012-04-03,72.5395
2012-04-04,73.2725
2012-04-05,73.3114
2012-04-06,73.2049
2012-04-09,73.1802
2012-04-10,73.3133
2012-04-11,73.2167
2012-04-12,72.8175
2012-04-13,73.1512
2012-04-16,73.2047
2012-04-17,72.7617
2012-04-18,72.8777
2012-04-19,72.9427
2012-04-20,72.6949
2012-04-23,72.9025
2012-04-24,72.6027
2012-04-25,72.5299
2012-04-26,72.3494
2012-04-27,72.1634
2012-04-30,72.2848
2012-05-01,72.2641
2012-05-02,72.5610
2012-05-03,72.5733
2012-05-04,72.8406
2012-05-07,72.8826
2012-05-08,73.1147
2012-05-09,73.2939
2012-05-10,73.3158
2012-05-11,73.2989
2012-05-14,73.6318
2012-05-15,73.9357
2012-05-16,74.2631
2012-05-17,74.3257
2012-05-18,74.4176
2012-05-21,74.3366
2012-05-22,74.4570
2012-05-23,75.0139
2012-05-24,74.9816
2012-05-25,75.2074
2012-05-28,.
2012-05-29,75.1833
2012-05-30,75.4458
2012-05-31,75.6283
2012-06-01,75.5481
2012-06-04,75.4396
2012-06-05,75.6388
2012-06-06,75.1438
2012-06-07,74.9949
2012-06-08,75.4236
2012-06-11,75.2122
2012-06-12,75.2248
2012-06-13,74.8976
2012-06-14,74.8152
2012-06-15,74.5768
2012-06-18,74.7975
2012-06-19,74.2682
2012-06-20,74.3693
2012-06-21,74.9523
2012-06-22,75.1556
2012-06-25,75.2824
2012-06-26,75.1791
2012-06-27,75.2800
2012-06-28,75.4439
2012-06-29,74.4991
2012-07-02,74.6474
2012-07-03,74.4479
2012-07-04,.
2012-07-05,75.1416
2012-07-06,75.5408
2012-07-09,75.5237
2012-07-10,75.5652
2012-07-11,75.6065
2012-07-12,75.7725
2012-07-13,75.4688
2012-07-16,75.2897
2012-07-17,75.3698
2012-07-18,75.1634
2012-07-19,75.0141
2012-07-20,75.3217
2012-07-23,75.6364
2012-07-24,75.8472
2012-07-25,75.6256
2012-07-26,74.9609
2012-07-27,74.6656
2012-07-30,74.8415
2012-07-31,74.6157
2012-08-01,74.7067
2012-08-02,75.2465
2012-08-03,74.4424
2012-08-06,74.2988
2012-08-07,74.3284
2012-08-08,74.3826
2012-08-09,74.5965
2012-08-10,74.4376
2012-08-13,74.4053
2012-08-14,74.4665
2012-08-15,74.5285
2012-08-16,74.3814
2012-08-17,74.5608
2012-08-20,74.4771
2012-08-21,74.0666
2012-08-22,74.1749
2012-08-23,73.7380
2012-08-24,73.9080
2012-08-27,73.9096
2012-08-28,73.6942
2012-08-29,73.8223
2012-08-30,74.0437
2012-08-31,73.6243
2012-09-03,.
2012-09-04,73.6944
2012-09-05,73.6980
2012-09-06,73.5558
2012-09-07,72.8509
2012-09-10,72.8385
2012-09-11,72.4939
2012-09-12,72.4774
2012-09-13,72.3718
2012-09-14,71.8119
2012-09-17,71.9680
2012-09-18,72.1655
2012-09-19,72.1005
2012-09-20,72.4364
2012-09-21,72.2602
2012-09-24,72.5225
2012-09-25,72.3540
2012-09-26,72.7658
2012-09-27,72.5638
2012-09-28,72.7530
2012-10-01,72.6466
2012-10-02,72.5378
2012-10-03,72.8919
2012-10-04,72.5091
2012-10-05,72.2761
2012-10-08,.
2012-10-09,72.7745
2012-10-10,72.7298
2012-10-11,72.6499
2012-10-12,72.6034
2012-10-15,72.6272
2012-10-16,72.5838
2012-10-17,72.1608
2012-10-18,72.3289
2012-10-19,72.8453
2012-10-22,72.8596
2012-10-23,73.1155
2012-10-24,73.1602
2012-10-25,73.1222
2012-10-26,73.2099
2012-10-29,73.3662
2012-10-30,73.0963
2012-10-31,73.1952
2012-11-01,73.2169
2012-11-02,73.5157
2012-11-05,73.6203
2012-11-06,73.4942
2012-11-07,73.6468
2012-11-08,73.6972
2012-11-09,73.7984
2012-11-12,.
2012-11-13,73.8118
2012-11-14,73.9054
2012-11-15,73.9794
2012-11-16,74.1795
2012-11-19,73.7586
2012-11-20,73.8429
2012-11-21,73.9591
2012-11-22,.
2012-11-23,73.4299
2012-11-26,73.4262
2012-11-27,73.4849
2012-11-28,73.4475
2012-11-29,73.4182
2012-11-30,73.3650
2012-12-03,73.1585
2012-12-04,73.0567
2012-12-05,73.1177
2012-12-06,73.3551
2012-12-07,73.4010
2012-12-10,73.3750
2012-12-11,73.2166
2012-12-12,73.1715
2012-12-13,73.1290
2012-12-14,73.0178
2012-12-17,72.8989
2012-12-18,72.8192
2012-12-19,72.8141
2012-12-20,72.9245
2012-12-21,73.2005
2012-12-24,73.2518
2012-12-25,.
2012-12-26,73.3239
2012-12-27,73.4025
2012-12-28,73.4064
2012-12-31,73.5364
2013-01-01,.
2013-01-02,73.3452
2013-01-03,73.5424
2013-01-04,73.9242
2013-01-07,73.7169
2013-01-08,73.7873
2013-01-09,73.8354
2013-01-10,73.4655
2013-01-11,73.2755
2013-01-14,73.2829
2013-01-15,73.2803
2013-01-16,73.4224
2013-01-17,73.4391
2013-01-18,73.8624
2013-01-21,.
2013-01-22,73.6509
2013-01-23,73.7460
2013-01-24,73.9236
2013-01-25,73.9971
2013-01-28,73.9772
2013-01-29,73.7635
2013-01-30,73.6164
2013-01-31,73.4819
2013-02-01,73.4240
2013-02-04,73.7688
2013-02-05,73.8105
2013-02-06,73.9175
2013-02-07,74.2807
2013-02-08,74.2714
2013-02-11,74.4078
2013-02-12,74.2070
2013-02-13,74.2476
2013-02-14,74.4620
2013-02-15,74.6069
2013-02-18,.
2013-02-19,74.6646
2013-02-20,74.9110
2013-02-21,75.2643
2013-02-22,75.4733
2013-02-25,75.6135
2013-02-26,75.6699
2013-02-27,75.5488
2013-02-28,75.7251
2013-03-01,76.1650
2013-03-04,76.1461
2013-03-05,76.0582
2013-03-06,76.2475
2013-03-07,76.1327
2013-03-08,76.5266
2013-03-11,76.4722
2013-03-12,76.3946
2013-03-13,76.6056
2013-03-14,76.4877
2013-03-15,75.9273
2013-03-18,76.2159
2013-03-19,76.4915
2013-03-20,76.4101
2013-03-21,76.3161
2013-03-22,76.0155
2013-03-25,76.2907
2013-03-26,76.2198
2013-03-27,76.4650
2013-03-28,76.2004
2013-03-29,76.3319
2013-04-01,76.0781
2013-04-02,76.1416
2013-04-03,76.0037
2013-04-04,76.4162
2013-04-05,76.1182
2013-04-08,76.4689
2013-04-09,76.1546
2013-04-10,76.2631
2013-04-11,75.9458
2013-04-12,76.0450
2013-04-15,76.1644
2013-04-16,76.0477
2013-04-17,76.3932
2013-04-18,76.3850
2013-04-19,76.5634
2013-04-22,76.6106
2013-04-23,76.7463
2013-04-24,76.8244
2013-04-25,76.5494
2013-04-26,76.2258
2013-04-29,75.9982
2013-04-30,75.5529
2013-05-01,75.4874
2013-05-02,75.9135
2013-05-03,75.9023
2013-05-06,76.0748
2013-05-07,75.9862
2013-05-08,75.6456
2013-05-09,75.9008
2013-05-10,76.9444
2013-05-13,76.8780
2013-05-14,77.0804
2013-05-15,77.4811
2013-05-16,77.2774
2013-05-17,77.9140
2013-05-20,77.7033
2013-05-21,77.6028
2013-05-22,78.0945
2013-05-23,77.5523
2013-05-24,77.5430
2013-05-27,.
2013-05-28,77.9786
2013-05-29,77.5927
2013-05-30,77.1811
2013-05-31,77.3774
2013-06-03,76.6570
2013-06-04,77.0249
2013-06-05,76.8435
2013-06-06,75.9384
2013-06-07,75.8685
2013-06-10,76.0614
2013-06-11,75.6920
2013-06-12,75.2575
2013-06-13,75.1381
2013-06-14,75.1124
2013-06-17,75.1748
2013-06-18,75.1645
2013-06-19,75.0949
2013-06-20,76.5308
2013-06-21,76.9261
2013-06-24,77.1314
2013-06-25,77.1328
2013-06-26,77.1833
2013-06-27,77.3637
2013-06-28,77.5848
2013-07-01,77.4458
2013-07-02,77.7795
2013-07-03,77.6893
2013-07-04,.
2013-07-05,78.5477
2013-07-08,78.4953
2013-07-09,78.6600
2013-07-10,78.2665
2013-07-11,77.2259
2013-07-12,77.3247
2013-07-15,77.4813
2013-07-16,77.0113
2013-07-17,77.2253
2013-07-18,77.3383
2013-07-19,77.0139
2013-07-22,76.6787
2013-07-23,76.5887
2013-07-24,76.6096
2013-07-25,76.4933
2013-07-26,76.2228
2013-07-29,76.1303
2013-07-30,76.3102
2013-07-31,76.3501
2013-08-01,76.7819
2013-08-02,76.6597
2013-08-05,76.6235
2013-08-06,76.3775
2013-08-07,76.1542
2013-08-08,75.7264
2013-08-09,75.7865
2013-08-12,75.8843
2013-08-13,76.3990
2013-08-14,76.2885
2013-08-15,76.2656
2013-08-16,76.0583
2013-08-19,76.0080
2013-08-20,75.8014
2013-08-21,76.1854
2013-08-22,76.4911
2013-08-23,76.4155
2013-08-26,76.4928
2013-08-27,76.2830
2013-08-28,76.4547
2013-08-29,76.9113
2013-08-30,77.0321
2013-09-02,.
2013-09-03,77.1537
2013-09-04,76.8836
2013-09-05,77.2570
2013-09-06,76.7317
2013-09-09,76.4571
2013-09-10,76.5100
2013-09-11,76.3095
2013-09-12,76.1326
2013-09-13,76.2939
2013-09-16,75.9500
2013-09-17,75.8991
2013-09-18,75.9239
2013-09-19,75.2960
2013-09-20,75.4411
2013-09-23,75.3508
2013-09-24,75.4618
2013-09-25,75.3156
2013-09-26,75.5685
2013-09-27,75.2726
2013-09-30,75.2165
2013-10-01,75.2718
2013-10-02,75.0439
2013-10-03,74.8849
2013-10-04,75.0507
2013-10-07,75.0532
2013-10-08,75.0585
2013-10-09,75.4700
2013-10-10,75.4840
2013-10-11,75.4811
2013-10-14,.
2013-10-15,75.6172
2013-10-16,75.6342
2013-10-17,74.8238
2013-10-18,74.7401
2013-10-21,74.8638
2013-10-22,74.5531
2013-10-23,74.6683
2013-10-24,74.7047
2013-10-25,74.8265
2013-10-28,74.8789
2013-10-29,75.0231
2013-10-30,75.0342
2013-10-31,75.4049
2013-11-01,75.8387
2013-11-04,75.6595
2013-11-05,75.8083
2013-11-06,75.5855
2013-11-07,75.9779
2013-11-08,76.2762
2013-11-11,.
2013-11-12,76.2744
2013-11-13,76.0471
2013-11-14,76.1402
2013-11-15,76.0368
2013-11-18,75.8400
2013-11-19,75.9194
2013-11-20,76.0390
2013-11-21,76.2672
2013-11-22,76.1667
2013-11-25,76.3977
2013-11-26,76.2080
2013-11-27,76.3758
2013-11-28,.
2013-11-29,76.2478
2013-12-02,76.5280
2013-12-03,76.3460
2013-12-04,76.6024
2013-12-05,76.1311
2013-12-06,76.2407
2013-12-09,76.1287
2013-12-10,75.9192
2013-12-11,75.7916
2013-12-12,76.1351
2013-12-13,76.1150
2013-12-16,75.9468
2013-12-17,76.0385
2013-12-18,76.0892
2013-12-19,76.5326
2013-12-20,76.5013
2013-12-23,76.2648
2013-12-24,76.3830
2013-12-25,.
2013-12-26,76.4570
2013-12-27,76.3834
2013-12-30,76.1044
2013-12-31,76.2002
2014-01-01,.
2014-01-02,76.4793
2014-01-03,76.5447
2014-01-06,76.5727
2014-01-07,76.8327
2014-01-08,77.0696
2014-01-09,77.1451
2014-01-10,76.9858
2014-01-13,76.8568
2014-01-14,76.9463
2014-01-15,77.2564
2014-01-16,77.2805
2014-01-17,77.4336
2014-01-20,.
2014-01-21,77.4074
2014-01-22,77.6274
2014-01-23,77.3245
2014-01-24,77.0927
2014-01-27,77.1074
2014-01-28,77.3145
2014-01-29,77.2430
2014-01-30,77.6883
2014-01-31,77.6486
2014-02-03,77.4059
2014-02-04,77.4361
2014-02-05,77.4740
2014-02-06,77.2145
2014-02-07,77.1246
2014-02-10,77.0921
2014-02-11,77.0252
2014-02-12,77.0585
2014-02-13,76.7996
2014-02-14,76.6631
2014-02-17,.
2014-02-18,76.5091
2014-02-19,76.6842
2014-02-20,77.0303
2014-02-21,77.0519
2014-02-24,76.7956
2014-02-25,76.7922
2014-02-26,77.1092
2014-02-27,76.9654
2014-02-28,76.6012
2014-03-03,76.6663
2014-03-04,76.9102
2014-03-05,76.7538
2014-03-06,76.3516
2014-03-07,76.6026
2014-03-10,76.6358
2014-03-11,76.6191
2014-03-12,76.5859
2014-03-13,76.2677
2014-03-14,76.2766
2014-03-17,76.1995
2014-03-18,76.2957
2014-03-19,76.4925
2014-03-20,77.1101
2014-03-21,76.9884
2014-03-24,77.0153
2014-03-25,76.9545
2014-03-26,76.8279
2014-03-27,76.6761
2014-03-28,76.7967
2014-03-31,76.6870
2014-04-01,76.6424
2014-04-02,76.8051
2014-04-03,76.9965
2014-04-04,76.8041
2014-04-07,76.6403
2014-04-08,76.2188
2014-04-09,76.1125
2014-04-10,75.8817
2014-04-11,75.9998
2014-04-14,76.2174
2014-04-15,76.2904
2014-04-16,76.4083
2014-04-17,76.3159
2014-04-18,76.4451
2014-04-21,76.5180
2014-04-22,76.4743
2014-04-23,76.4655
2014-04-24,76.4195
2014-04-25,76.3954
2014-04-28,76.3979
2014-04-29,76.3549
2014-04-30,76.1088
2014-05-01,76.1456
2014-05-02,76.1887
2014-05-05,76.0715
2014-05-06,75.7233
2014-05-07,75.7765
2014-05-08,75.8112
2014-05-09,76.2009
2014-05-12,76.2194
2014-05-13,76.3628
2014-05-14,76.3028
2014-05-15,76.2925
2014-05-16,76.2833
2014-05-19,76.2070
2014-05-20,76.3285
2014-05-21,76.5346
2014-05-22,76.5060
2014-05-23,76.5393
2014-05-26,.
2014-05-27,76.5978
2014-05-28,76.6419
2014-05-29,76.5067
2014-05-30,76.5013
2014-06-02,76.7191
2014-06-03,76.7312
2014-06-04,76.8079
2014-06-05,76.7488
2014-06-06,76.6997
2014-06-09,76.7697
2014-06-10,76.8896
2014-06-11,76.7454
2014-06-12,76.6107
2014-06-13,76.7233
2014-06-16,76.5003
2014-06-17,76.6560
2014-06-18,76.6428
2014-06-19,76.3439
2014-06-20,76.3548
2014-06-23,76.2241
2014-06-24,76.3074
2014-06-25,76.0944
2014-06-26,76.1083
2014-06-27,75.9621
2014-06-30,75.7615
2014-07-01,75.7300
2014-07-02,75.8555
2014-07-03,75.9921
2014-07-04,.
2014-07-07,76.0352
2014-07-08,75.9930
2014-07-09,75.9152
2014-07-10,75.9564
2014-07-11,76.1075
2014-07-14,76.0949
2014-07-15,76.2944
2014-07-16,76.3806
2014-07-17,76.3478
2014-07-18,76.3729
2014-07-21,76.3487
2014-07-22,76.5222
2014-07-23,76.5170
2014-07-24,76.5699
2014-07-25,76.8169
2014-07-28,76.7591
2014-07-29,77.0079
2014-07-30,77.3323
2014-07-31,77.2542
2014-08-01,77.1789
2014-08-04,77.2288
2014-08-05,77.4896
2014-08-06,77.3835
2014-08-07,77.3273
2014-08-08,77.3349
2014-08-11,77.3207
2014-08-12,77.4161
2014-08-13,77.4225
2014-08-14,77.3411
2014-08-15,77.2692
2014-08-18,77.3396
2014-08-19,77.5994
2014-08-20,77.7813
2014-08-21,77.8530
2014-08-22,78.0014
2014-08-25,78.1376
2014-08-26,78.1427
2014-08-27,77.9822
2014-08-28,77.9200
2014-08-29,78.0211
2014-09-01,.
2014-09-02,78.4050
2014-09-03,78.2443
2014-09-04,78.8462
2014-09-05,78.8089
2014-09-08,79.0876
2014-09-09,79.4798
2014-09-10,79.4173
2014-09-11,79.4959
2014-09-12,79.5921
2014-09-15,79.5455
2014-09-16,79.2707
2014-09-17,79.3320
2014-09-18,79.5421
2014-09-19,79.8711
2014-09-22,79.9702
2014-09-23,79.9884
2014-09-24,80.2644
2014-09-25,80.4195
2014-09-26,80.8200
2014-09-29,80.7314
2014-09-30,81.1254
2014-10-01,81.0407
2014-10-02,80.7274
2014-10-03,81.6794
2014-10-06,81.1783
2014-10-07,80.9796
2014-10-08,80.8525
2014-10-09,80.7035
2014-10-10,80.9041
2014-10-13,.
2014-10-14,80.9365
2014-10-15,80.5694
2014-10-16,80.3753
2014-10-17,80.5743
2014-10-20,80.5467
2014-10-21,80.5731
2014-10-22,80.8538
2014-10-23,81.0058
2014-10-24,80.8574
2014-10-27,80.7877
2014-10-28,80.5595
2014-10-29,80.4260
2014-10-30,81.0988
2014-10-31,81.9101
2014-11-03,82.3647
2014-11-04,82.2724
2014-11-05,82.5828
2014-11-06,82.9827
2014-11-07,82.8028
2014-11-10,82.7573
2014-11-11,.
2014-11-12,82.5910
2014-11-13,82.7392
2014-11-14,82.6839
2014-11-17,82.8540
2014-11-18,82.6169
2014-11-19,82.7958
2014-11-20,82.8279
2014-11-21,83.0003
2014-11-24,83.0669
2014-11-25,82.8748
2014-11-26,82.6491
2014-11-27,.
2014-11-28,83.4370
2014-12-01,83.0034
2014-12-02,83.5882
2014-12-03,83.8238
2014-12-04,83.4561
2014-12-05,84.1948
2014-12-08,84.2881
2014-12-09,83.5543
2014-12-10,83.6251
2014-12-11,83.9234
2014-12-12,83.5426
2014-12-15,83.7823
2014-12-16,83.5902
2014-12-17,83.9799
2014-12-18,84.3830
2014-12-19,84.7361
2014-12-22,84.7550
2014-12-23,85.0772
2014-12-24,85.0036
2014-12-25,.
2014-12-26,85.0036
2014-12-29,85.0689
2014-12-30,84.8276
2014-12-31,85.1292
2015-01-01,.
2015-01-02,85.8204
2015-01-05,86.2551
2015-01-06,86.0967
2015-01-07,86.7858
2015-01-08,86.6918
2015-01-09,86.6070
2015-01-12,86.7217
2015-01-13,86.9123
2015-01-14,86.6615
2015-01-15,86.7820
2015-01-16,87.0229
2015-01-19,.
2015-01-20,87.3375
2015-01-21,87.7909
2015-01-22,88.3573
2015-01-23,88.9310
2015-01-26,89.0483
2015-01-27,88.6586
2015-01-28,88.8821
2015-01-29,89.6578
2015-01-30,89.7655
2015-02-02,89.3224
2015-02-03,88.6544
2015-02-04,88.9664
2015-02-05,88.5800
2015-02-06,89.3456
2015-02-09,89.1948
2015-02-10,89.4263
2015-02-11,89.8726
2015-02-12,88.9064
2015-02-13,88.8773
2015-02-16,.
2015-02-17,88.8573
2015-02-18,89.1874
2015-02-19,89.0420
2015-02-20,89.1228
2015-02-23,89.3892
2015-02-24,89.6112
2015-02-25,88.9393
2015-02-26,89.7032
2015-02-27,89.8037
2015-03-02,89.9803
2015-03-03,89.6362
2015-03-04,90.1897
2015-03-05,90.6132
2015-03-06,91.6312
2015-03-09,91.6428
2015-03-10,92.2745
2015-03-11,93.1634
2015-03-12,92.8083
2015-03-13,93.4626
2015-03-16,93.1895
2015-03-17,93.1323
2015-03-18,92.9587
2015-03-19,92.9398
2015-03-20,91.7593
2015-03-23,90.9852
2015-03-24,91.0518
2015-03-25,90.7165
2015-03-26,90.8666
2015-03-27,91.2141
2015-03-30,91.9145
2015-03-31,92.1380
2015-04-01,91.8593
2015-04-02,91.4364
2015-04-03,90.6064
2015-04-06,90.5054
2015-04-07,91.3717
2015-04-08,91.4158
2015-04-09,92.2587
2015-04-10,92.6242
2015-04-13,92.7145
2015-04-14,91.8870
2015-04-15,91.9492
2015-04-16,90.8610
2015-04-17,90.7433
2015-04-20,90.8191
2015-04-21,90.9802
2015-04-22,91.0944
2015-04-23,90.5333
2015-04-24,90.1754
2015-04-27,89.9608
2015-04-28,89.3570
2015-04-29,88.4129
2015-04-30,89.0835
2015-05-01,89.2653
2015-05-04,89.2444
2015-05-05,88.8600
2015-05-06,88.0997
2015-05-07,88.6752
2015-05-08,88.6114
2015-05-11,88.9784
2015-05-12,88.2877
2015-05-13,87.6038
2015-05-14,87.7211
2015-05-15,87.6103
2015-05-18,88.2673
2015-05-19,89.2806
2015-05-20,89.6013
2015-05-21,89.3180
2015-05-22,89.9892
2015-05-25,.
2015-05-26,91.0956
2015-05-27,91.3015
2015-05-28,91.2655
2015-05-29,90.9429
2015-06-01,91.5514
2015-06-02,90.3582
2015-06-03,89.8244
2015-06-04,90.0438
2015-06-05,90.8181
2015-06-08,90.1898
2015-06-09,89.5887
2015-06-10,89.1615
2015-06-11,89.6298
2015-06-12,89.3383
2015-06-15,89.4630
2015-06-16,89.5331
2015-06-17,89.5386
2015-06-18,88.5061
2015-06-19,88.8737
2015-06-22,88.8528
2015-06-23,89.6797
2015-06-24,90.0225
2015-06-25,89.7204
2015-06-26,89.9301
2015-06-29,89.6867
2015-06-30,89.9642
2015-07-01,90.5878
2015-07-02,90.6192
2015-07-03,.
2015-07-06,90.7496
2015-07-07,91.5075
2015-07-08,90.9136
2015-07-09,91.1600
2015-07-10,90.8054
2015-07-13,91.4305
2015-07-14,91.3637
2015-07-15,92.0198
2015-07-16,92.2718
2015-07-17,92.6030
2015-07-20,92.6093
2015-07-21,92.2449
2015-07-22,92.5516
2015-07-23,92.2580
2015-07-24,92.3624
2015-07-27,91.6873
2015-07-28,91.7573
2015-07-29,91.8095
2015-07-30,92.5725
2015-07-31,92.1230
2015-08-03,92.6005
2015-08-04,92.5618
2015-08-05,93.1327
2015-08-06,92.9068
2015-08-07,92.7048
2015-08-10,92.4377
2015-08-11,92.5480
2015-08-12,91.4148
2015-08-13,91.8948
2015-08-14,91.9867
2015-08-17,92.1331
2015-08-18,92.2639
2015-08-19,92.3046
2015-08-20,91.5299
2015-08-21,90.9486
2015-08-24,89.9519
2015-08-25,90.9043
2015-08-26,91.0070
2015-08-27,91.5397
2015-08-28,91.9922
2015-08-31,91.8582
2015-09-01,91.4074
2015-09-02,91.7870
2015-09-03,92.0816
2015-09-04,92.1261
2015-09-07,.
2015-09-08,91.7068
2015-09-09,91.9622
2015-09-10,91.5342
2015-09-11,91.4007
2015-09-14,91.3571
2015-09-15,91.6251
2015-09-16,91.2184
2015-09-17,91.2585
2015-09-18,90.8101
2015-09-21,91.6979
2015-09-22,92.0410
2015-09-23,92.1456
2015-09-24,91.8255
2015-09-25,92.1500
2015-09-28,91.9675
2015-09-29,92.0326
2015-09-30,92.3165
2015-10-01,91.8018
2015-10-02,91.4374
2015-10-05,91.5491
2015-10-06,91.1681
2015-10-07,91.1020
2015-10-08,90.9366
2015-10-09,90.5077
2015-10-12,.
2015-10-13,90.5054
2015-10-14,90.1529
2015-10-15,89.9032
2015-10-16,90.3518
2015-10-19,90.6176
2015-10-20,90.4637
2015-10-21,90.8473
2015-10-22,91.6076
2015-10-23,92.3271
2015-10-26,92.0882
2015-10-27,92.2870
2015-10-28,92.0977
2015-10-29,92.6252
2015-10-30,92.0139
2015-11-02,92.0943
2015-11-03,92.4764
2015-11-04,92.9525
2015-11-05,93.0253
2015-11-06,94.0824
2015-11-09,93.8732
2015-11-10,94.1795
2015-11-11,.
2015-11-12,93.8482
2015-11-13,94.1020
2015-11-16,94.2202
2015-11-17,94.4891
2015-11-18,94.5594
2015-11-19,93.7763
2015-11-20,94.3044
2015-11-23,94.6431
2015-11-24,94.2913
2015-11-25,94.4228
2015-11-26,.
2015-11-27,94.7248
2015-11-30,94.8000
2015-12-01,94.5979
2015-12-02,94.8734
2015-12-03,93.5493
2015-12-04,93.5290
2015-12-07,94.0640
2015-12-08,94.1040
2015-12-09,93.4903
2015-12-10,93.5479
2015-12-11,93.4954
2015-12-14,93.4712
2015-12-15,94.0877
2015-12-16,94.1592
2015-12-17,95.2142
2015-12-18,94.6202
2015-12-21,94.5693
2015-12-22,94.2382
2015-12-23,94.4612
2015-12-24,93.9989
2015-12-25,.
2015-12-28,94.0233
2015-12-29,94.2268
2015-12-30,94.3091
2015-12-31,94.4564
2016-01-01,.
2016-01-04,94.8900
2016-01-05,95.1500
2016-01-06,95.2679
2016-01-07,94.8205
2016-01-08,94.9133
2016-01-11,94.9941
2016-01-12,95.4544
2016-01-13,95.3698
2016-01-14,95.5678
2016-01-15,95.4496
2016-01-18,.
2016-01-19,95.7746
2016-01-20,95.8011
2016-01-21,95.4803
2016-01-22,95.4118
2016-01-25,95.6101
2016-01-26,95.1359
2016-01-27,95.0702
2016-01-28,94.7530
2016-01-29,95.5871
2016-02-01,95.1433
2016-02-02,95.0412
2016-02-03,93.7097
2016-02-04,92.7464
2016-02-05,93.4210
2016-02-08,93.2240
2016-02-09,92.4863
2016-02-10,92.8806
2016-02-11,92.0391
2016-02-12,92.4346
2016-02-15,.
2016-02-16,93.0426
2016-02-17,92.7037
2016-02-18,92.8661
2016-02-19,92.7435
2016-02-22,93.0570
2016-02-23,93.2011
2016-02-24,93.0751
2016-02-25,92.8424
2016-02-26,93.3348
2016-02-29,93.3502
2016-03-01,93.3120
2016-03-02,93.3320
2016-03-03,92.7101
2016-03-04,92.3451
2016-03-07,92.2370
2016-03-08,92.2232
2016-03-09,91.9497
2016-03-10,91.7346
2016-03-11,91.2896
2016-03-14,91.7665
2016-03-15,91.8826
2016-03-16,92.1767
2016-03-17,89.9766
2016-03-18,90.0560
2016-03-21,90.4256
2016-03-22,90.6087
2016-03-23,91.2851
2016-03-24,91.4761
2016-03-25,91.5225
2016-03-28,91.1485
2016-03-29,91.0875
2016-03-30,90.0649
2016-03-31,89.8437
2016-04-01,90.0687
2016-04-04,89.9257
2016-04-05,90.2198
2016-04-06,89.7101
2016-04-07,89.9066
2016-04-08,89.5138
2016-04-11,89.1919
2016-04-12,89.0599
2016-04-13,89.5363
2016-04-14,89.7108
2016-04-15,89.5623
2016-04-18,89.3517
2016-04-19,88.7947
2016-04-20,88.9472
2016-04-21,89.2734
2016-04-22,89.6457
2016-04-25,89.4365
2016-04-26,89.1042
2016-04-27,89.2166
2016-04-28,88.6468
2016-04-29,88.0454
2016-05-02,87.7060
2016-05-03,88.1153
2016-05-04,88.7450
2016-05-05,89.0037
2016-05-06,89.0689
2016-05-09,89.5267
2016-05-10,89.5890
2016-05-11,89.0172
2016-05-12,89.3417
2016-05-13,89.9162
2016-05-16,89.6449
2016-05-17,89.5688
2016-05-18,89.9123
2016-05-19,90.5811
2016-05-20,90.7905
2016-05-23,90.7882
2016-05-24,90.8433
2016-05-25,90.7382
2016-05-26,90.3481
2016-05-27,90.5800
2016-05-30,.
2016-05-31,90.9552
2016-06-01,90.7383
2016-06-02,90.6470
2016-06-03,89.4376
2016-06-06,89.2285
2016-06-07,88.9918
2016-06-08,88.5359
2016-06-09,88.8853
2016-06-10,89.1975
2016-06-13,89.2538
2016-06-14,89.6262
2016-06-15,89.6309
2016-06-16,90.0173
2016-06-17,89.2338
2016-06-20,88.6877
2016-06-21,88.9143
2016-06-22,88.8278
2016-06-23,88.4718
2016-06-24,89.8843
2016-06-27,90.6974
2016-06-28,90.7294
2016-06-29,90.1636
2016-06-30,90.6377
2016-07-01,89.9422
2016-07-04,.
2016-07-05,90.3065
2016-07-06,90.4021
2016-07-07,90.3633
2016-07-08,90.6153
2016-07-11,90.9480
2016-07-12,90.7401
2016-07-13,90.4384
2016-07-14,90.4293
2016-07-15,90.8579
2016-07-18,90.8101
2016-07-19,91.2542
2016-07-20,91.3451
2016-07-21,91.2427
2016-07-22,91.7825
2016-07-25,91.7801
2016-07-26,91.5762
2016-07-27,91.7492
2016-07-28,91.0910
2016-07-29,90.1039
2016-08-01,90.2241
2016-08-02,89.7626
2016-08-03,90.0179
2016-08-04,90.0826
2016-08-05,90.7336
2016-08-08,90.8321
2016-08-09,90.5565
2016-08-10,90.1116
2016-08-11,90.0362
2016-08-12,89.8736
2016-08-15,89.7668
2016-08-16,89.1761
2016-08-17,89.3048
2016-08-18,88.7114
2016-08-19,89.0428
2016-08-22,89.1835
2016-08-23,89.0904
2016-08-24,89.3660
2016-08-25,89.3453
2016-08-26,89.5856
2016-08-29,90.1168
2016-08-30,90.4891
2016-08-31,90.6418
2016-09-01,90.3363
2016-09-02,90.3445
2016-09-05,.
2016-09-06,89.3698
2016-09-07,89.4345
2016-09-08,89.5166
2016-09-09,90.0662
