date,vix
2011-09-16,30.98
2011-09-19,32.73
2011-09-20,32.86
2011-09-21,37.32
2011-09-22,41.35
2011-09-23,41.25
2011-09-26,39.02
2011-09-27,37.71
2011-09-28,41.08
2011-09-29,38.84
2011-09-30,42.96
2011-10-03,45.45
2011-10-04,40.82
2011-10-05,37.81
2011-10-06,36.27
2011-10-07,36.20
2011-10-10,33.02
2011-10-11,32.86
2011-10-12,31.26
2011-10-13,30.70
2011-10-14,28.24
2011-10-17,33.39
2011-10-18,31.56
2011-10-19,34.44
2011-10-20,34.78
2011-10-21,31.32
2011-10-24,29.26
2011-10-25,32.22
2011-10-26,29.86
2011-10-27,25.46
2011-10-28,24.53
2011-10-31,29.96
2011-11-01,34.77
2011-11-02,32.74
2011-11-03,30.50
2011-11-04,30.16
2011-11-07,29.85
2011-11-08,27.48
2011-11-09,36.16
2011-11-10,32.81
2011-11-11,30.04
2011-11-14,31.13
2011-11-15,31.22
2011-11-16,33.51
2011-11-17,34.51
2011-11-18,32.00
2011-11-21,32.91
2011-11-22,31.97
2011-11-23,33.98
2011-11-24,.
2011-11-25,34.47
2011-11-28,32.13
2011-11-29,30.64
2011-11-30,27.80
2011-12-01,27.41
2011-12-02,27.52
2011-12-05,27.84
2011-12-06,28.13
2011-12-07,28.67
2011-12-08,30.59
2011-12-09,26.38
2011-12-12,25.67
2011-12-13,25.41
2011-12-14,26.04
2011-12-15,25.11
2011-12-16,24.29
2011-12-19,24.92
2011-12-20,23.22
2011-12-21,21.43
2011-12-22,21.16
2011-12-23,20.73
2011-12-26,.
2011-12-27,21.91
2011-12-28,23.52
2011-12-29,22.65
2011-12-30,23.40
2012-01-02,.
2012-01-03,22.97
2012-01-04,22.22
2012-01-05,21.48
2012-01-06,20.63
2012-01-09,21.07
2012-01-10,20.69
2012-01-11,21.05
2012-01-12,20.47
2012-01-13,20.91
2012-01-16,.
2012-01-17,22.20
2012-01-18,20.89
2012-01-19,19.87
2012-01-20,18.28
2012-01-23,18.67
2012-01-24,18.91
2012-01-25,18.31
2012-01-26,18.57
2012-01-27,18.53
2012-01-30,19.40
2012-01-31,19.44
2012-02-01,18.55
2012-02-02,17.98
2012-02-03,17.10
2012-02-06,17.76
2012-02-07,17.65
2012-02-08,18.16
2012-02-09,18.63
2012-02-10,20.79
2012-02-13,19.04
2012-02-14,19.54
2012-02-15,21.14
2012-02-16,19.22
2012-02-17,17.78
2012-02-20,.
2012-02-21,18.19
2012-02-22,18.19
2012-02-23,16.80
2012-02-24,17.31
2012-02-27,18.19
2012-02-28,17.96
2012-02-29,18.43
2012-03-01,17.26
2012-03-02,17.29
2012-03-05,18.05
2012-03-06,20.87
2012-03-07,19.07
2012-03-08,17.95
2012-03-09,17.11
2012-03-12,15.64
2012-03-13,14.80
2012-03-14,15.31
2012-03-15,15.42
2012-03-16,14.47
2012-03-19,15.04
2012-03-20,15.58
2012-03-21,15.13
2012-03-22,15.57
2012-03-23,14.82
2012-03-26,14.26
2012-03-27,15.59
2012-03-28,15.47
2012-03-29,15.48
2012-03-30,15.50
2012-04-02,15.64
2012-04-03,15.66
2012-04-04,16.44
2012-04-05,16.70
2012-04-06,.
2012-04-09,18.81
2012-04-10,20.39
2012-04-11,20.02
2012-04-12,17.20
2012-04-13,19.55
2012-04-16,19.55
2012-04-17,18.46
2012-04-18,18.64
2012-04-19,18.36
2012-04-20,17.44
2012-04-23,18.97
2012-04-24,18.10
2012-04-25,16.82
2012-04-26,16.24
2012-04-27,16.32
2012-04-30,17.15
2012-05-01,16.60
2012-05-02,16.88
2012-05-03,17.56
2012-05-04,19.16
2012-05-07,18.94
2012-05-08,19.05
2012-05-09,20.08
2012-05-10,18.83
2012-05-11,19.89
2012-05-14,21.87
2012-05-15,21.97
2012-05-16,22.27
2012-05-17,24.49
2012-05-18,25.10
2012-05-21,22.01
2012-05-22,22.48
2012-05-23,22.33
2012-05-24,21.54
2012-05-25,21.76
2012-05-28,.
2012-05-29,21.03
2012-05-30,24.14
2012-05-31,24.06
2012-06-01,26.66
2012-06-04,26.12
2012-06-05,24.68
2012-06-06,22.16
2012-06-07,21.72
2012-06-08,21.23
2012-06-11,23.56
2012-06-12,22.09
2012-06-13,24.27
2012-06-14,21.68
2012-06-15,21.11
2012-06-18,18.32
2012-06-19,18.38
2012-06-20,17.24
2012-06-21,20.08
2012-06-22,18.11
2012-06-25,20.38
2012-06-26,19.72
2012-06-27,19.45
2012-06-28,19.71
2012-06-29,17.08
2012-07-02,16.80
2012-07-03,16.66
2012-07-04,.
2012-07-05,17.50
2012-07-06,17.10
2012-07-09,17.98
2012-07-10,18.72
2012-07-11,17.95
2012-07-12,18.33
2012-07-13,16.74
2012-07-16,17.11
2012-07-17,16.48
2012-07-18,16.16
2012-07-19,15.45
2012-07-20,16.27
2012-07-23,18.62
2012-07-24,20.47
2012-07-25,19.34
2012-07-26,17.53
2012-07-27,16.70
2012-07-30,18.03
2012-07-31,18.93
2012-08-01,18.96
2012-08-02,17.57
2012-08-03,15.64
2012-08-06,15.95
2012-08-07,15.99
2012-08-08,15.32
2012-08-09,15.28
2012-08-10,14.74
2012-08-13,13.70
2012-08-14,14.85
2012-08-15,14.63
2012-08-16,14.29
2012-08-17,13.45
2012-08-20,14.02
2012-08-21,15.02
2012-08-22,15.11
2012-08-23,15.96
2012-08-24,15.18
2012-08-27,16.35
2012-08-28,16.49
2012-08-29,17.06
2012-08-30,17.83
2012-08-31,17.47
2012-09-03,.
2012-09-04,17.98
2012-09-05,17.74
2012-09-06,15.60
2012-09-07,14.38
2012-09-10,16.28
2012-09-11,16.41
2012-09-12,15.80
2012-09-13,14.05
2012-09-14,14.51
2012-09-17,14.59
2012-09-18,14.18
2012-09-19,13.88
2012-09-20,14.07
2012-09-21,13.98
2012-09-24,14.15
2012-09-25,15.43
2012-09-26,16.81
2012-09-27,14.84
2012-09-28,15.73
2012-10-01,16.32
2012-10-02,15.71
2012-10-03,15.43
2012-10-04,14.55
2012-10-05,14.33
2012-10-08,15.11
2012-10-09,16.37
2012-10-10,16.29
2012-10-11,15.59
2012-10-12,16.14
2012-10-15,15.27
2012-10-16,15.22
2012-10-17,15.07
2012-10-18,15.03
2012-10-19,17.06
2012-10-22,16.62
2012-10-23,18.83
2012-10-24,18.33
2012-10-25,18.12
2012-10-26,17.81
2012-10-29,.
2012-10-30,.
2012-10-31,18.60
2012-11-01,16.69
2012-11-02,17.59
2012-11-05,18.42
2012-11-06,17.58
2012-11-07,19.08
2012-11-08,18.49
2012-11-09,18.61
2012-11-12,16.68
2012-11-13,16.65
2012-11-14,17.92
2012-11-15,17.99
2012-11-16,16.41
2012-11-19,15.24
2012-11-20,15.08
2012-11-21,15.31
2012-11-22,.
2012-11-23,15.14
2012-11-26,15.50
2012-11-27,15.92
2012-11-28,15.51
2012-11-29,15.06
2012-11-30,15.87
2012-12-03,16.64
2012-12-04,17.12
2012-12-05,16.46
2012-12-06,16.58
2012-12-07,15.90
2012-12-10,16.05
2012-12-11,15.57
2012-12-12,15.95
2012-12-13,16.56
2012-12-14,17.00
2012-12-17,16.34
2012-12-18,15.57
2012-12-19,17.36
2012-12-20,17.67
2012-12-21,17.84
2012-12-24,17.84
2012-12-25,.
2012-12-26,19.48
2012-12-27,19.47
2012-12-28,22.72
2012-12-31,18.02
2013-01-01,.
2013-01-02,14.68
2013-01-03,14.56
2013-01-04,13.83
2013-01-07,13.79
2013-01-08,13.62
2013-01-09,13.81
2013-01-10,13.49
2013-01-11,13.36
2013-01-14,13.52
2013-01-15,13.55
2013-01-16,13.42
2013-01-17,13.57
2013-01-18,12.46
2013-01-21,.
2013-01-22,12.43
2013-01-23,12.46
2013-01-24,12.69
2013-01-25,12.89
2013-01-28,13.57
2013-01-29,13.31
2013-01-30,14.32
2013-01-31,14.28
2013-02-01,12.90
2013-02-04,14.67
2013-02-05,13.72
2013-02-06,13.41
2013-02-07,13.50
2013-02-08,13.02
2013-02-11,12.94
2013-02-12,12.64
2013-02-13,12.98
2013-02-14,12.66
2013-02-15,12.46
2013-02-18,.
2013-02-19,12.31
2013-02-20,14.68
2013-02-21,15.22
2013-02-22,14.17
2013-02-25,18.99
2013-02-26,16.87
2013-02-27,14.73
2013-02-28,15.51
2013-03-01,15.36
2013-03-04,14.01
2013-03-05,13.48
2013-03-06,13.53
2013-03-07,13.06
2013-03-08,12.59
2013-03-11,11.56
2013-03-12,12.27
2013-03-13,11.83
2013-03-14,11.30
2013-03-15,11.30
2013-03-18,13.36
2013-03-19,14.39
2013-03-20,12.67
2013-03-21,13.99
2013-03-22,13.57
2013-03-25,13.74
2013-03-26,12.77
2013-03-27,13.15
2013-03-28,12.70
2013-03-29,.
2013-04-01,13.58
2013-04-02,12.78
2013-04-03,14.21
2013-04-04,13.89
2013-04-05,13.92
2013-04-08,13.19
2013-04-09,12.84
2013-04-10,12.36
2013-04-11,12.24
2013-04-12,12.06
2013-04-15,17.27
2013-04-16,13.96
2013-04-17,16.51
2013-04-18,17.56
2013-04-19,14.97
2013-04-22,14.39
2013-04-23,13.48
2013-04-24,13.61
2013-04-25,13.62
2013-04-26,13.61
2013-04-29,13.71
2013-04-30,13.52
2013-05-01,14.49
2013-05-02,13.59
2013-05-03,12.85
2013-05-06,12.66
2013-05-07,12.83
2013-05-08,12.66
2013-05-09,13.13
2013-05-10,12.59
2013-05-13,12.55
2013-05-14,12.77
2013-05-15,12.81
2013-05-16,13.07
2013-05-17,12.45
2013-05-20,13.02
2013-05-21,13.37
2013-05-22,13.82
2013-05-23,14.07
2013-05-24,13.99
2013-05-27,.
2013-05-28,14.48
2013-05-29,14.83
2013-05-30,14.53
2013-05-31,16.30
2013-06-03,16.28
2013-06-04,16.27
2013-06-05,17.50
2013-06-06,16.63
2013-06-07,15.14
2013-06-10,15.44
2013-06-11,17.07
2013-06-12,18.59
2013-06-13,16.41
2013-06-14,17.15
2013-06-17,16.80
2013-06-18,16.61
2013-06-19,16.64
2013-06-20,20.49
2013-06-21,18.90
2013-06-24,20.11
2013-06-25,18.47
2013-06-26,17.21
2013-06-27,16.86
2013-06-28,16.86
2013-07-01,16.37
2013-07-02,16.44
2013-07-03,16.20
2013-07-04,.
2013-07-05,14.89
2013-07-08,14.78
2013-07-09,14.35
2013-07-10,14.21
2013-07-11,14.01
2013-07-12,13.84
2013-07-15,13.79
2013-07-16,14.42
2013-07-17,13.78
2013-07-18,13.77
2013-07-19,12.54
2013-07-22,12.29
2013-07-23,12.66
2013-07-24,13.18
2013-07-25,12.97
2013-07-26,12.72
2013-07-29,13.39
2013-07-30,13.39
2013-07-31,13.45
2013-08-01,12.94
2013-08-02,11.98
2013-08-05,11.84
2013-08-06,12.72
2013-08-07,12.98
2013-08-08,12.73
2013-08-09,13.41
2013-08-12,12.81
2013-08-13,12.31
2013-08-14,13.04
2013-08-15,14.73
2013-08-16,14.37
2013-08-19,15.10
2013-08-20,14.91
2013-08-21,15.94
2013-08-22,14.76
2013-08-23,13.98
2013-08-26,14.99
2013-08-27,16.77
2013-08-28,16.49
2013-08-29,16.81
2013-08-30,17.01
2013-09-02,.
2013-09-03,16.61
2013-09-04,15.88
2013-09-05,15.77
2013-09-06,15.85
2013-09-09,15.63
2013-09-10,14.53
2013-09-11,13.82
2013-09-12,14.29
2013-09-13,14.16
2013-09-16,14.38
2013-09-17,14.53
2013-09-18,13.59
2013-09-19,13.16
2013-09-20,13.12
2013-09-23,14.31
2013-09-24,14.08
2013-09-25,14.01
2013-09-26,14.06
2013-09-27,15.46
2013-09-30,16.60
2013-10-01,15.54
2013-10-02,16.60
2013-10-03,17.67
2013-10-04,16.74
2013-10-07,19.41
2013-10-08,20.34
2013-10-09,19.60
2013-10-10,16.48
2013-10-11,15.72
2013-10-14,16.07
2013-10-15,18.66
2013-10-16,14.71
2013-10-17,13.48
2013-10-18,13.04
2013-10-21,13.16
2013-10-22,13.33
2013-10-23,13.42
2013-10-24,13.20
2013-10-25,13.09
2013-10-28,13.31
2013-10-29,13.41
2013-10-30,13.65
2013-10-31,13.75
2013-11-01,13.28
2013-11-04,12.93
2013-11-05,13.27
2013-11-06,12.67
2013-11-07,13.91
2013-11-08,12.90
2013-11-11,12.53
2013-11-12,12.82
2013-11-13,12.52
2013-11-14,12.37
2013-11-15,12.19
2013-11-18,13.10
2013-11-19,13.39
2013-11-20,13.40
2013-11-21,12.66
2013-11-22,12.26
2013-11-25,12.79
2013-11-26,12.81
2013-11-27,12.98
2013-11-28,.
2013-11-29,13.70
2013-12-02,14.23
2013-12-03,14.55
2013-12-04,14.70
2013-12-05,15.08
2013-12-06,13.79
2013-12-09,13.49
2013-12-10,13.91
2013-12-11,15.42
2013-12-12,15.54
2013-12-13,15.76
2013-12-16,16.03
2013-12-17,16.21
2013-12-18,13.80
2013-12-19,14.15
2013-12-20,13.79
2013-12-23,13.04
2013-12-24,12.48
2013-12-25,.
2013-12-26,12.33
2013-12-27,12.46
2013-12-30,13.56
2013-12-31,13.72
2014-01-01,.
2014-01-02,14.23
2014-01-03,13.76
2014-01-06,13.55
2014-01-07,12.92
2014-01-08,12.87
2014-01-09,12.89
2014-01-10,12.14
2014-01-13,13.28
2014-01-14,12.28
2014-01-15,12.28
2014-01-16,12.53
2014-01-17,12.44
2014-01-20,.
2014-01-21,12.87
2014-01-22,12.84
2014-01-23,13.77
2014-01-24,18.14
2014-01-27,17.42
2014-01-28,15.80
2014-01-29,17.35
2014-01-30,17.29
2014-01-31,18.41
2014-02-03,21.44
2014-02-04,19.11
2014-02-05,19.95
2014-02-06,17.23
2014-02-07,15.29
2014-02-10,15.26
2014-02-11,14.51
2014-02-12,14.30
2014-02-13,14.14
2014-02-14,13.57
2014-02-17,.
2014-02-18,13.87
2014-02-19,15.50
2014-02-20,14.79
2014-02-21,14.68
2014-02-24,14.23
2014-02-25,13.67
2014-02-26,14.35
2014-02-27,14.04
2014-02-28,14.00
2014-03-03,16.00
2014-03-04,14.10
2014-03-05,13.89
2014-03-06,14.21
2014-03-07,14.11
2014-03-10,14.20
2014-03-11,14.80
2014-03-12,14.47
2014-03-13,16.22
2014-03-14,17.82
2014-03-17,15.64
2014-03-18,14.52
2014-03-19,15.12
2014-03-20,14.52
2014-03-21,15.00
2014-03-24,15.09
2014-03-25,14.02
2014-03-26,14.93
2014-03-27,14.62
2014-03-28,14.41
2014-03-31,13.88
2014-04-01,13.10
2014-04-02,13.09
2014-04-03,13.37
2014-04-04,13.96
2014-04-07,15.57
2014-04-08,14.89
2014-04-09,13.82
2014-04-10,15.89
2014-04-11,17.03
2014-04-14,16.11
2014-04-15,15.61
2014-04-16,14.18
2014-04-17,13.36
2014-04-18,.
2014-04-21,13.25
2014-04-22,13.19
2014-04-23,13.27
2014-04-24,13.32
2014-04-25,14.06
2014-04-28,13.97
2014-04-29,13.71
2014-04-30,13.41
2014-05-01,13.25
2014-05-02,12.91
2014-05-05,13.29
2014-05-06,13.80
2014-05-07,13.40
2014-05-08,13.43
2014-05-09,12.92
2014-05-12,12.23
2014-05-13,12.13
2014-05-14,12.17
2014-05-15,13.17
2014-05-16,12.44
2014-05-19,12.42
2014-05-20,12.96
2014-05-21,11.91
2014-05-22,12.03
2014-05-23,11.36
2014-05-26,.
2014-05-27,11.51
2014-05-28,11.68
2014-05-29,11.57
2014-05-30,11.40
2014-06-02,11.58
2014-06-03,11.87
2014-06-04,12.08
2014-06-05,11.68
2014-06-06,10.73
2014-06-09,11.15
2014-06-10,10.99
2014-06-11,11.60
2014-06-12,12.56
2014-06-13,12.18
2014-06-16,12.65
2014-06-17,12.06
2014-06-18,10.61
2014-06-19,10.62
2014-06-20,10.85
2014-06-23,10.98
2014-06-24,12.13
2014-06-25,11.59
2014-06-26,11.63
2014-06-27,11.26
2014-06-30,11.57
2014-07-01,11.15
2014-07-02,10.82
2014-07-03,10.32
2014-07-04,.
2014-07-07,11.33
2014-07-08,11.98
2014-07-09,11.65
2014-07-10,12.59
2014-07-11,12.08
2014-07-14,11.82
2014-07-15,11.96
2014-07-16,11.00
2014-07-17,14.54
2014-07-18,12.06
2014-07-21,12.81
2014-07-22,12.24
2014-07-23,11.52
2014-07-24,11.84
2014-07-25,12.69
2014-07-28,12.56
2014-07-29,13.28
2014-07-30,13.33
2014-07-31,16.95
2014-08-01,17.03
2014-08-04,15.12
2014-08-05,16.87
2014-08-06,16.37
2014-08-07,16.66
2014-08-08,15.77
2014-08-11,14.23
2014-08-12,14.13
2014-08-13,12.90
2014-08-14,12.42
2014-08-15,13.15
2014-08-18,12.32
2014-08-19,12.21
2014-08-20,11.78
2014-08-21,11.76
2014-08-22,11.47
2014-08-25,11.70
2014-08-26,11.63
2014-08-27,11.78
2014-08-28,12.05
2014-08-29,11.98
2014-09-01,.
2014-09-02,12.25
2014-09-03,12.36
2014-09-04,12.64
2014-09-05,12.09
2014-09-08,12.66
2014-09-09,13.50
2014-09-10,12.88
2014-09-11,12.80
2014-09-12,13.31
2014-09-15,14.12
2014-09-16,12.73
2014-09-17,12.65
2014-09-18,12.03
2014-09-19,12.11
2014-09-22,13.69
2014-09-23,14.93
2014-09-24,13.27
2014-09-25,15.64
2014-09-26,14.85
2014-09-29,15.98
2014-09-30,16.31
2014-10-01,16.71
2014-10-02,16.16
2014-10-03,14.55
2014-10-06,15.46
2014-10-07,17.20
2014-10-08,15.11
2014-10-09,18.76
2014-10-10,21.24
2014-10-13,24.64
2014-10-14,22.79
2014-10-15,26.25
2014-10-16,25.20
2014-10-17,21.99
2014-10-20,18.57
2014-10-21,16.08
2014-10-22,17.87
2014-10-23,16.53
2014-10-24,16.11
2014-10-27,16.04
2014-10-28,14.39
2014-10-29,15.15
2014-10-30,14.52
2014-10-31,14.03
2014-11-03,14.73
2014-11-04,14.89
2014-11-05,14.17
2014-11-06,13.67
2014-11-07,13.12
2014-11-10,12.67
2014-11-11,12.92
2014-11-12,13.02
2014-11-13,13.79
2014-11-14,13.31
2014-11-17,13.99
2014-11-18,13.86
2014-11-19,13.96
2014-11-20,13.58
2014-11-21,12.90
2014-11-24,12.62
2014-11-25,12.25
2014-11-26,12.07
2014-11-27,.
2014-11-28,13.33
2014-12-01,14.29
2014-12-02,12.85
2014-12-03,12.47
2014-12-04,12.38
2014-12-05,11.82
2014-12-08,14.21
2014-12-09,14.89
2014-12-10,18.53
2014-12-11,20.08
2014-12-12,21.08
2014-12-15,20.42
2014-12-16,23.57
2014-12-17,19.44
2014-12-18,16.81
2014-12-19,16.49
2014-12-22,15.25
2014-12-23,14.80
2014-12-24,14.37
2014-12-25,.
2014-12-26,14.50
2014-12-29,15.06
2014-12-30,15.92
2014-12-31,19.20
2015-01-01,.
2015-01-02,17.79
2015-01-05,19.92
2015-01-06,21.12
2015-01-07,19.31
2015-01-08,17.01
2015-01-09,17.55
2015-01-12,19.60
2015-01-13,20.56
2015-01-14,21.48
2015-01-15,22.39
2015-01-16,20.95
2015-01-19,.
2015-01-20,19.89
2015-01-21,18.85
2015-01-22,16.40
2015-01-23,16.66
2015-01-26,15.52
2015-01-27,17.22
2015-01-28,20.44
2015-01-29,18.76
2015-01-30,20.97
2015-02-02,19.43
2015-02-03,17.33
2015-02-04,18.33
2015-02-05,16.85
2015-02-06,17.29
2015-02-09,18.55
2015-02-10,17.23
2015-02-11,16.96
2015-02-12,15.34
2015-02-13,14.69
2015-02-16,.
2015-02-17,15.80
2015-02-18,15.45
2015-02-19,15.29
2015-02-20,14.30
2015-02-23,14.56
2015-02-24,13.69
2015-02-25,13.84
2015-02-26,13.91
2015-02-27,13.34
2015-03-02,13.04
2015-03-03,13.86
2015-03-04,14.23
2015-03-05,14.04
2015-03-06,15.20
2015-03-09,15.06
2015-03-10,16.69
2015-03-11,16.87
2015-03-12,15.42
2015-03-13,16.00
2015-03-16,15.61
2015-03-17,15.66
2015-03-18,13.97
2015-03-19,14.07
2015-03-20,13.02
2015-03-23,13.41
2015-03-24,13.62
2015-03-25,15.44
2015-03-26,15.80
2015-03-27,15.07
2015-03-30,14.51
2015-03-31,15.29
2015-04-01,15.11
2015-04-02,14.67
2015-04-03,.
2015-04-06,14.74
2015-04-07,14.78
2015-04-08,13.98
2015-04-09,13.09
2015-04-10,12.58
2015-04-13,13.94
2015-04-14,13.67
2015-04-15,12.84
2015-04-16,12.60
2015-04-17,13.89
2015-04-20,13.30
2015-04-21,13.25
2015-04-22,12.71
2015-04-23,12.48
2015-04-24,12.29
2015-04-27,13.12
2015-04-28,12.41
2015-04-29,13.39
2015-04-30,14.55
2015-05-01,12.70
2015-05-04,12.85
2015-05-05,14.31
2015-05-06,15.15
2015-05-07,15.13
2015-05-08,12.86
2015-05-11,13.85
2015-05-12,13.86
2015-05-13,13.76
2015-05-14,12.74
2015-05-15,12.38
2015-05-18,12.73
2015-05-19,12.85
2015-05-20,12.88
2015-05-21,12.11
2015-05-22,12.13
2015-05-25,.
2015-05-26,14.06
2015-05-27,13.27
2015-05-28,13.31
2015-05-29,13.84
2015-06-01,13.97
2015-06-02,14.24
2015-06-03,13.66
2015-06-04,14.71
2015-06-05,14.21
2015-06-08,15.29
2015-06-09,14.47
2015-06-10,13.22
2015-06-11,12.85
2015-06-12,13.78
2015-06-15,15.39
2015-06-16,14.81
2015-06-17,14.50
2015-06-18,13.19
2015-06-19,13.96
2015-06-22,12.74
2015-06-23,12.11
2015-06-24,13.26
2015-06-25,14.01
2015-06-26,14.02
2015-06-29,18.85
2015-06-30,18.23
2015-07-01,16.09
2015-07-02,16.79
2015-07-03,.
2015-07-06,17.01
2015-07-07,16.09
2015-07-08,19.66
2015-07-09,19.97
2015-07-10,16.83
2015-07-13,13.90
2015-07-14,13.37
2015-07-15,13.23
2015-07-16,12.11
2015-07-17,11.95
2015-07-20,12.25
2015-07-21,12.22
2015-07-22,12.12
2015-07-23,12.64
2015-07-24,13.74
2015-07-27,15.60
2015-07-28,13.44
2015-07-29,12.50
2015-07-30,12.13
2015-07-31,12.12
2015-08-03,12.56
2015-08-04,13.00
2015-08-05,12.51
2015-08-06,13.77
2015-08-07,13.39
2015-08-10,12.23
2015-08-11,13.71
2015-08-12,13.61
2015-08-13,13.49
2015-08-14,12.83
2015-08-17,13.02
2015-08-18,13.79
2015-08-19,15.25
2015-08-20,19.14
2015-08-21,28.03
2015-08-24,40.74
2015-08-25,36.02
2015-08-26,30.32
2015-08-27,26.10
2015-08-28,26.05
2015-08-31,28.43
2015-09-01,31.40
2015-09-02,26.09
2015-09-03,25.61
2015-09-04,27.80
2015-09-07,.
2015-09-08,24.90
2015-09-09,26.23
2015-09-10,24.37
2015-09-11,23.20
2015-09-14,24.25
2015-09-15,22.54
2015-09-16,21.35
2015-09-17,21.14
2015-09-18,22.28
2015-09-21,20.14
2015-09-22,22.44
2015-09-23,22.13
2015-09-24,23.47
2015-09-25,23.62
2015-09-28,27.63
2015-09-29,26.83
2015-09-30,24.50
2015-10-01,22.55
2015-10-02,20.94
2015-10-05,19.54
2015-10-06,19.40
2015-10-07,18.40
2015-10-08,17.42
2015-10-09,17.08
2015-10-12,16.17
2015-10-13,17.67
2015-10-14,18.03
2015-10-15,16.05
2015-10-16,15.05
2015-10-19,14.98
2015-10-20,15.75
2015-10-21,16.70
2015-10-22,14.45
2015-10-23,14.46
2015-10-26,15.29
2015-10-27,15.43
2015-10-28,14.33
2015-10-29,14.61
2015-10-30,15.07
2015-11-02,14.15
2015-11-03,14.54
2015-11-04,15.51
2015-11-05,15.05
2015-11-06,14.33
2015-11-09,16.52
2015-11-10,15.29
2015-11-11,16.06
2015-11-12,18.37
2015-11-13,20.08
2015-11-16,18.16
2015-11-17,18.84
2015-11-18,16.85
2015-11-19,16.99
2015-11-20,15.47
2015-11-23,15.62
2015-11-24,15.93
2015-11-25,15.19
2015-11-26,.
2015-11-27,15.12
2015-11-30,16.13
2015-12-01,14.67
2015-12-02,15.91
2015-12-03,18.11
2015-12-04,14.81
2015-12-07,15.84
2015-12-08,17.60
2015-12-09,19.61
2015-12-10,19.34
2015-12-11,24.39
2015-12-14,22.73
2015-12-15,20.95
2015-12-16,17.86
2015-12-17,18.94
2015-12-18,20.70
2015-12-21,18.70
2015-12-22,16.60
2015-12-23,15.57
2015-12-24,15.74
2015-12-25,.
2015-12-28,16.91
2015-12-29,16.08
2015-12-30,17.29
2015-12-31,18.21
2016-01-01,.
2016-01-04,20.70
2016-01-05,19.34
2016-01-06,20.59
2016-01-07,24.99
2016-01-08,27.01
2016-01-11,24.30
2016-01-12,22.47
2016-01-13,25.22
2016-01-14,23.95
2016-01-15,27.02
2016-01-18,.
2016-01-19,26.05
2016-01-20,27.59
2016-01-21,26.69
2016-01-22,22.34
2016-01-25,24.15
2016-01-26,22.50
2016-01-27,23.11
2016-01-28,22.42
2016-01-29,20.20
2016-02-01,19.98
2016-02-02,21.98
2016-02-03,21.65
2016-02-04,21.84
2016-02-05,23.38
2016-02-08,26.00
2016-02-09,26.54
2016-02-10,26.29
2016-02-11,28.14
2016-02-12,25.40
2016-02-15,.
2016-02-16,24.11
2016-02-17,22.31
2016-02-18,21.64
2016-02-19,20.53
2016-02-22,19.38
2016-02-23,20.98
2016-02-24,20.72
2016-02-25,19.11
2016-02-26,19.81
2016-02-29,20.55
2016-03-01,17.70
2016-03-02,17.09
2016-03-03,16.70
2016-03-04,16.86
2016-03-07,17.35
2016-03-08,18.67
2016-03-09,18.34
2016-03-10,18.05
2016-03-11,16.50
2016-03-14,16.92
2016-03-15,16.84
2016-03-16,14.99
2016-03-17,14.44
2016-03-18,14.02
2016-03-21,13.79
2016-03-22,14.17
2016-03-23,14.94
2016-03-24,14.74
2016-03-25,.
2016-03-28,15.24
2016-03-29,13.82
2016-03-30,13.56
2016-03-31,13.95
2016-04-01,13.10
2016-04-04,14.12
2016-04-05,15.42
2016-04-06,14.09
2016-04-07,16.16
2016-04-08,15.36
2016-04-11,16.26
2016-04-12,14.85
2016-04-13,13.84
2016-04-14,13.72
2016-04-15,13.62
2016-04-18,13.35
2016-04-19,13.24
2016-04-20,13.28
2016-04-21,13.95
2016-04-22,13.22
2016-04-25,14.08
2016-04-26,13.96
2016-04-27,13.77
2016-04-28,15.22
2016-04-29,15.70
2016-05-02,14.68
2016-05-03,15.60
2016-05-04,16.05
2016-05-05,15.91
2016-05-06,14.72
2016-05-09,14.57
2016-05-10,13.63
2016-05-11,14.69
2016-05-12,14.41
2016-05-13,15.04
2016-05-16,14.68
2016-05-17,15.57
2016-05-18,15.95
2016-05-19,16.33
2016-05-20,15.20
2016-05-23,15.82
2016-05-24,14.42
2016-05-25,13.90
2016-05-26,13.43
2016-05-27,13.12
2016-05-30,.
2016-05-31,14.19
2016-06-01,14.20
2016-06-02,13.63
2016-06-03,13.47
2016-06-06,13.65
2016-06-07,14.05
2016-06-08,14.08
2016-06-09,14.64
2016-06-10,17.03
2016-06-13,20.97
2016-06-14,20.50
2016-06-15,20.14
2016-06-16,19.37
2016-06-17,19.41
2016-06-20,18.37
2016-06-21,18.48
2016-06-22,21.17
2016-06-23,17.25
2016-06-24,25.76
2016-06-27,23.85
2016-06-28,18.75
2016-06-29,16.64
2016-06-30,15.63
2016-07-01,14.77
2016-07-04,.
2016-07-05,15.58
2016-07-06,14.96
2016-07-07,14.76
2016-07-08,13.20
2016-07-11,13.54
2016-07-12,13.55
2016-07-13,13.04
2016-07-14,12.82
2016-07-15,12.67
2016-07-18,12.44
2016-07-19,11.97
2016-07-20,11.77
2016-07-21,12.74
2016-07-22,12.02
2016-07-25,12.87
2016-07-26,13.05
2016-07-27,12.83
2016-07-28,12.72
2016-07-29,11.87
2016-08-01,12.44
2016-08-02,13.37
2016-08-03,12.86
2016-08-04,12.42
2016-08-05,11.39
2016-08-08,11.50
2016-08-09,11.66
2016-08-10,12.05
2016-08-11,11.68
2016-08-12,11.55
2016-08-15,11.81
2016-08-16,12.64
2016-08-17,12.19
2016-08-18,11.43
2016-08-19,11.34
2016-08-22,12.27
2016-08-23,12.38
2016-08-24,13.45
2016-08-25,13.63
2016-08-26,13.65
2016-08-29,12.94
2016-08-30,13.12
2016-08-31,13.42
2016-09-01,13.48
2016-09-02,11.98
2016-09-05,.
2016-09-06,12.02
2016-09-07,11.94
2016-09-08,12.51
2016-09-09,17.50
2016-09-12,15.16
2016-09-13,17.85
2016-09-14,18.14
