date,px,vol
2012-07-14,0.04,11654.15859
2012-07-15,0.040203,12164.669192
2012-07-16,0.052,29000.931957
2012-07-17,0.058,60791.608872
2012-07-18,0.0481,20013.153827
2012-07-19,0.047,31218.423134
2012-07-20,0.058,38275.113488
2012-07-21,0.049002,2757.805696
2012-07-22,0.047599,6545.843243
2012-07-23,0.049101,6775.385866
2012-07-24,0.0481,10745.281526
2012-07-25,0.044,37114.32807442
2012-07-26,0.049005,43015.718304
2012-07-27,0.055,62080.61265
2012-07-28,0.050003,19224.807007
2012-07-29,0.0555,9631.0646214
2012-07-30,0.060011,36957.4497785
2012-07-31,0.063996,94.98079
2012-08-02,0.058,25353.2310765
2012-08-03,0.0535,87338.40928557
2012-08-04,0.04838,34805.56755876
2012-08-05,0.046434,11933.730769
2012-08-06,0.047089,6945.44144168
2012-08-07,0.05994,22790.4091208
2012-08-08,0.052501,26547.155335
2012-08-09,0.051199,56122.03270399
2012-08-10,0.04925,2854.346278
2012-08-11,0.05139,5940.397003
2012-08-12,0.052,24741.0526321
2012-08-13,0.0461,45348.570352
2012-08-14,0.046018,38023.15172
2012-08-15,0.032011,127905.531782
2012-08-16,0.046,59097.3492947
2012-08-17,0.046999,93165.5169094
2012-08-18,0.0469,34675.221445
2012-08-19,0.0385,85173.826994
2012-08-20,0.037256,35922.69738125
2012-08-21,0.039,19983.613031
2012-08-22,0.0407,20345.364843
2012-08-23,0.040494,1703.369731
2012-08-24,0.04,11186.275062
2012-08-25,0.0405,9790.698761
2012-08-26,0.0396,5307.824715
2012-08-27,0.03918,42427.651975
2012-08-28,0.0389,51317.868227
2012-08-29,0.041,9501.538751
2012-08-30,0.0385,14087.094356
2012-08-31,0.039993,25760.52763927
2012-09-01,0.03821,36837.44853036
2012-09-02,0.03778,2533.7550872
2012-09-03,0.0385,12329.55631977
2012-09-04,0.0378,3988.73891869
2012-09-05,0.03998,26971.29509279
2012-09-06,0.038712,9637.164066
2012-09-07,0.03925,10482.3095861
2012-09-08,0.038989,13520.01784
2012-09-09,0.0395,27218.723361
2012-09-10,0.039045,13799.19934054
2012-09-11,0.0381,18158.617611
2012-09-12,0.0376,18415.57189816
2012-09-13,0.0291,82850.62972221
2012-09-14,0.0334,4963.48808
2012-09-15,0.03591,23220.05006095
2012-09-16,0.0378,21721.55551561
2012-09-17,0.0371,8794.1565643
2012-09-18,0.0382,27601.48878142
2012-09-19,0.0394,25544.11205539
2012-09-20,0.04,23563.92499412
2012-09-21,0.039356,11497.357725
2012-09-22,0.039625,9865.9096917
2012-09-23,0.042002,47033.44446
2012-09-24,0.04042,61939.53029953
2012-09-25,0.042087,27563.738726
2012-09-26,0.044898,67694.14102279
2012-09-27,0.043016,29211.2152121
2012-09-28,0.044996,64789.41314121
2012-09-29,0.046101,8552.53209187
2012-09-30,0.047404,9080.252405
2012-10-01,0.048,54202.157931
2012-10-02,0.059999,54823.3135825
2012-10-03,0.056,59171.6265612
2012-10-04,0.0574,56489.8108788
2012-10-05,0.055998,31799.6508678
2012-10-06,0.0537,7476.751122
2012-10-07,0.056198,7560.243844
2012-10-08,0.059712,74724.39645928
2012-10-09,0.075107,78370.011525
2012-10-10,0.0784,41387.886839
2012-10-11,0.088753,24542.55716467
2012-10-12,0.0887,182608.0485318
2012-10-13,0.0798,152701.21828495
2012-10-14,0.089598,104647.68558532
2012-10-15,0.08999,50437.92533811
2012-10-16,0.088411,57513.53219914
2012-10-17,0.088906,17282.4924
2012-10-18,0.0876,35135.6694921
2012-10-19,0.075675,120848.68782146
2012-10-20,0.083,76897.04760067
2012-10-21,0.083,19345.501434
2012-10-22,0.0832,15120.6850107
2012-10-23,0.085994,43370.63963218
2012-10-24,0.083918,15882.52279811
2012-10-25,0.07363,42160.98775056
2012-10-26,0.073383,521719.61993791
2012-10-27,0.076,31656.46701796
2012-10-28,0.077246,25039.26478132
2012-10-29,0.0776,16143.83151886
2012-10-30,0.078876,8600.39745609
2012-10-31,0.07911,45051.28721509
2012-11-01,0.079001,78875.62106682
2012-11-02,0.077,35731.70239198
2012-11-03,0.077299,18778.8603062
2012-11-04,0.07201,22829.490938
2012-11-05,0.07262,20163.770434
2012-11-06,0.074,23609.13248036
2012-11-07,0.0733,19074.170489
2012-11-08,0.0732,15753.56843838
2012-11-09,0.0724,8289.778712
2012-11-10,0.0705,14349.589145
2012-11-11,0.06957,10182.58138938
2012-11-12,0.0651,41159.50477469
2012-11-13,0.068384,24374.45790202
2012-11-14,0.067899,8026.221196
2012-11-15,0.064099,23418.56838739
2012-11-16,0.0609,113817.42109796
2012-11-17,0.059481,62010.66058703
2012-11-18,0.062,30534.59763764
2012-11-19,0.0585,25542.50299013
2012-11-20,0.056782,11192.366491
2012-11-21,0.061415,39355.0677298
2012-11-22,0.060939,20816.38085705
2012-11-23,0.0609,24690.9689454
2012-11-24,0.0625,45430.8104716
2012-11-25,0.06126,34398.3692044
2012-11-26,0.061042,16936.00306494
2012-11-27,0.0625,48025.05347762
2012-11-28,0.06853,82337.54427572
2012-11-29,0.078359,115190.17442361
2012-11-30,0.0824,46185.60450256
2012-12-01,0.081501,38606.0586128
2012-12-02,0.0792,42531.48441931
2012-12-03,0.0747,25218.50352822
2012-12-04,0.07792,29417.05060076
2012-12-05,0.074313,65432.9169837
2012-12-06,0.080101,57961.8056842
2012-12-07,0.078695,30490.665407
2012-12-08,0.077102,10611.13945574
2012-12-09,0.07835,24730.348431
2012-12-10,0.078,9029.06558739
2012-12-11,0.078621,14031.26278138
2012-12-12,0.079828,49888.359731
2012-12-13,0.078459,73697.82959093
2012-12-14,0.07805,25573.75009155
2012-12-15,0.0777,4231.745616
2012-12-16,0.077787,60682.45372376
2012-12-17,0.076606,39743.30020647
2012-12-18,0.076482,5638.40773
2012-12-19,0.07501,10244.394229
2012-12-20,0.07685,5120.65556288
2012-12-21,0.077205,18292.45336666
2012-12-22,0.077,24976.547881
2012-12-23,0.0763,4697.827454
2012-12-24,0.076908,6437.5555149
2012-12-25,0.076997,3824.370364
2012-12-26,0.075302,21467.75203106
2012-12-27,0.074839,11386.38069849
2012-12-28,0.07402,10000.460406
2012-12-29,0.0747,4203.021079
2012-12-30,0.07145,21077.31407906
2012-12-31,0.071382,32616.92545546
2013-01-01,0.070499,10473.344134
2013-01-02,0.0701,20831.456982
2013-01-03,0.0702,32233.82776051
2013-01-04,0.069908,9839.30127003
2013-01-05,0.074308,22095.51100496
2013-01-06,0.072934,18182.81733576
2013-01-07,0.072898,47716.48662861
2013-01-08,0.071602,20621.28714297
2013-01-09,0.071592,40102.3527917
2013-01-10,0.07,33251.98218884
2013-01-11,0.06876,48953.36707988
2013-01-12,0.068641,27850.23690456
2013-01-13,0.063301,43935.42994115
2013-01-14,0.061679,55885.60651003
2013-01-15,0.063,38187.6601549
2013-01-16,0.061818,30526.88465068
2013-01-17,0.0625,36978.88631887
2013-01-18,0.061613,63268.31254719
2013-01-19,0.058997,31026.48946498
2013-01-20,0.05611,24285.38060903
2013-01-21,0.05559,84351.93582531
2013-01-22,0.0545,29397.01128243
2013-01-23,0.0605,135251.03123264
2013-01-24,0.06226,58206.87015901
2013-01-25,0.064,27447.15046378
2013-01-26,0.064,14230.42310176
2013-01-27,0.065031,10709.43125178
2013-01-28,0.06276,23682.45326368
2013-01-29,0.0645,48850.73681335
2013-01-30,0.0648,23537.33083779
2013-01-31,0.0707,175836.01921963
2013-02-01,0.070051,10652.74245351
2013-02-02,0.067193,83714.89444873
2013-02-03,0.068943,48142.82272083
2013-02-04,0.0702,43430.94888569
2013-02-05,0.070836,17934.68563338
2013-02-06,0.071,17858.28724068
2013-02-07,0.07349,56130.98129371
2013-02-08,0.077,61929.98448283
2013-02-09,0.08001,130080.28550656
2013-02-10,0.0801,59327.28114071
2013-02-11,0.081196,80798.97522262
2013-02-12,0.0723,117979.72238253
2013-02-13,0.07421,49853.60420409
2013-02-14,0.075989,19472.27955735
2013-02-15,0.076198,31393.80766408
2013-02-16,0.07498,4499.23707121
2013-02-17,0.07478,19656.26201619
2013-02-18,0.074039,11562.270197
2013-02-19,0.072449,47258.8746211
2013-02-20,0.06605,140090.32320268
2013-02-21,0.067082,28245.83184294
2013-02-22,0.067479,71069.07926158
2013-02-23,0.0695,56977.49109602
2013-02-24,0.068408,61553.18814153
2013-02-25,0.066415,22991.58782034
2013-02-26,0.06588,33623.11180245
2013-02-27,0.066398,50846.27465014
2013-02-28,0.07137,65340.26177341
2013-03-01,0.076007,167629.33500849
2013-03-02,0.078798,83961.30327611
2013-03-03,0.104786,182381.57344531
2013-03-04,0.130756,146494.73739999
2013-03-05,0.183,191177.08942718
2013-03-06,0.18596,140405.73309482
2013-03-07,0.205,189137.86682453
2013-03-08,0.20998,38940.51354235
2013-03-09,0.22441,78014.10498085
2013-03-10,0.332553,226959.79819607
2013-03-11,0.433025,256301.53154611
2013-03-12,0.649,453104.69321198
2013-03-13,0.661117,371561.11128327
2013-03-14,0.62982,131713.23527629
2013-03-15,0.641003,44403.08166574
2013-03-16,0.58999,97472.03164391
2013-03-17,0.5568,226036.3244853
2013-03-18,0.52021,120965.05585389
2013-03-19,0.50501,225000.29554707
2013-03-20,0.530065,133526.3026139
2013-03-21,0.42828,156476.31247697
2013-03-22,0.487499,153975.69103843
2013-03-23,0.50301,131193.64637152
2013-03-24,0.589999,119225.6586097
2013-03-25,0.53999,107359.94257638
2013-03-26,0.563,85486.6855676
2013-03-27,0.55146,69618.4842646
2013-03-28,0.679997,341537.64993465
2013-03-29,0.688,88253.22558308
2013-03-30,0.78704,279721.24701387
2013-03-31,0.829,91756.17785891
2013-04-01,1.81001,566653.23324807
2013-04-02,3.13559,605418.65823351
2013-04-03,4.377,574971.77659469
2013-04-04,3.9999,301117.3051903
2013-04-05,3.56,339965.84758982
2013-04-06,2.99998,502246.98484345
2013-04-07,3.78699,329640.44927007
2013-04-08,4.2785,318374.31057917
2013-04-09,4.84,268463.75153977
2013-04-10,3.21998,549429.18732892
2013-04-11,1.597,646050.78020494
2013-04-12,2.4,677366.17152234
2013-04-13,2.1601,451632.78023536
2013-04-14,2.25,159948.06797489
2013-04-15,2.365,285490.32740494
2013-04-16,1.8789,487108.80975642
2013-04-17,2.1101,321026.22010156
2013-04-18,2.3272,245828.20046561
2013-04-19,2.55046,424426.66580901
2013-04-20,2.5832,118975.28139028
2013-04-21,2.5,278952.39282926
2013-04-22,2.59,93420.8394055
2013-04-23,2.81988,203127.63402619
2013-04-24,3.137,371795.19860258
2013-04-25,3.79,559462.50506847
2013-04-26,3.877,257219.77052382
2013-04-27,4.0511,264026.22008935
2013-04-28,4.06502,113205.29070057
2013-04-29,4.091,394199.58702023
2013-04-30,4.11492,212373.53081245
2013-05-01,3.7779,304724.60750299
2013-05-02,3.41,347406.68688854
2013-05-03,3.019,525072.00702603
2013-05-04,3.44,244102.30266297
2013-05-05,3.5625,139927.19230463
2013-05-06,3.337,177951.26257031
2013-05-07,3.276,171398.19894406
2013-05-08,3.29,70923.55440228
2013-05-09,3.2689,43212.33592771
2013-05-10,3.30501,74584.21994754
2013-05-11,3.258,36754.80632079
2013-05-12,3.1901,37580.61026234
2013-05-13,3.14133,46824.3891991
2013-05-14,2.6299,245280.24977991
2013-05-15,2.7087,324412.79525383
2013-05-16,2.6643,148826.74306978
2013-05-17,2.8839,192256.93443746
2013-05-18,3.05999,124681.93668347
2013-05-19,3.051,103103.80548364
2013-05-20,2.96,52192.96682687
2013-05-21,2.93807,61281.19576616
2013-05-22,2.9375,27800.68095591
2013-05-23,3.005,54560.43223742
2013-05-24,3.04153,79669.42098011
2013-05-25,3.009,39388.33383732
2013-05-26,3.13513,76308.58482774
2013-05-27,3.02299,88254.63400269
2013-05-28,3.01,46472.20424564
2013-05-29,2.99,33273.36484784
2013-05-30,2.92009,39184.28451124
2013-05-31,2.87,113347.60559249
2013-06-01,2.79202,25847.92925625
2013-06-02,2.68282,99858.65769643
2013-06-03,2.689,78750.17187107
2013-06-04,2.81252,74769.35674055
2013-06-05,2.83188,47189.82363978
2013-06-06,2.77301,25022.75333737
2013-06-07,2.63,103608.65242661
2013-06-08,2.61899,844.6588411399999
2013-06-09,2.4427,32524.60499037007
2013-06-10,2.44682,62166.16333601003
2013-06-11,2.39899,84236.74900595086
2013-06-12,2.3853,54706.11516012999
2013-06-13,2.31394,73032.92606858033
2013-06-14,2.14426,143852.47464345067
2013-06-15,2.1009,93966.61937483045
2013-06-16,2.15,48340.12628772982
2013-06-17,2.25,63591.12432099904
2013-06-18,2.235,64616.456147919955
2013-06-19,2.25,146529.23210557087
2013-06-20,2.21884,59609.37364790996
2013-06-21,2.78,164125.3479077822
2013-06-22,2.72002,217168.24332482388
2013-06-23,2.92,179562.73674683057
2013-06-24,2.682,246713.7163102594
2013-06-25,2.638,82111.69068566195
2013-06-26,2.72,38537.8199145897
2013-06-27,2.83137,56299.079369118685
2013-06-28,2.57151,131143.7611930261
2013-06-29,2.6198,54673.53957352743
2013-06-30,2.76219,64137.919806749356
2013-07-01,2.715,331646.7738824929
2013-07-02,2.69299,86784.967164945
2013-07-03,2.64196,187860.63688506998
2013-07-04,2.698,88743.31971729
2013-07-05,2.37536,218532.18484425175
2013-07-06,2.37196,91578.4469848495
2013-07-07,2.586,72691.5930364108
2013-07-08,2.4879,146851.9220046804
2013-07-09,2.46945,112907.11201055988
2013-07-10,2.57778,110276.52483231996
2013-07-11,2.54,92700.34879621983
2013-07-12,2.5998,122130.47114331003
2013-07-13,2.63201,63166.17804151008
2013-07-14,2.675,51216.438592470266
2013-07-15,2.75,72549.96000947004
2013-07-16,2.81,167565.9743143482
2013-07-17,2.82394,88909.30991247999
2013-07-18,2.6771,127162.31288553994
2013-07-19,2.68051,39166.90584186995
2013-07-20,2.6931,26949.4855202399
2013-07-21,2.699,23864.10342304999
2013-07-22,2.684,41450.62959629004
2013-07-23,2.7,44003.95405499994
2013-07-24,2.70264,14593.031294560014
2013-07-25,2.71,43875.5740900599
2013-07-26,2.68998,88245.8429894198
2013-07-27,2.67,33393.45918405006
2013-07-28,2.67,36890.499392580015
2013-07-29,2.678,29978.466813180017
2013-07-30,2.62331,69367.97740773008
2013-07-31,2.62518,47713.23833224005
2013-08-01,2.64999,37212.64797245001
2013-08-02,2.63002,23178.30956051002
2013-08-03,2.712,49444.70991092987
2013-08-04,2.684,22168.238687230027
2013-08-05,2.59001,105009.14814866021
2013-08-06,2.581,42972.63585014002
2013-08-07,2.54065,81463.11147002992
2013-08-08,2.4761,41170.95730900995
2013-08-09,2.46025,22050.45054741004
2013-08-10,2.29934,151692.89617583036
2013-08-11,2.4109,120158.61226999002
2013-08-12,2.335,35917.174608109955
2013-08-13,2.3905,21068.94765525007
2013-08-14,2.3566,23255.91028178003
2013-08-15,2.38968,31982.288508810103
2013-08-16,2.41,23437.703280279973
2013-08-17,2.4,15671.29946545996
2013-08-18,2.39811,4917.8665698999985
2013-08-19,2.34957,70190.02868661973
2013-08-20,2.327,12284.186287390008
2013-08-21,2.34151,62291.859100649555
2013-08-22,2.422,56711.23286993956
2013-08-23,2.42,40464.09647561919
2013-08-24,2.38601,18179.405034859992
2013-08-25,2.34144,34581.5576693798
2013-08-26,2.31001,23193.230425549977
2013-08-27,2.35879,37163.12333576991
2013-08-28,2.39753,25019.745136870064
2013-08-29,2.392,12680.314578220024
2013-08-30,2.398,7489.979085609981
2013-08-31,2.35848,48268.65272132003
2013-09-01,2.36,11582.196913040025
2013-09-02,2.35004,19879.50146464998
2013-09-03,2.367,12012.184546210014
2013-09-04,2.56302,218092.16767997175
2013-09-05,2.5545,51670.717086859586
2013-09-06,2.55,52484.73319216978
2013-09-07,2.5522,25369.19398890998
2013-09-08,2.5811,17705.14888360001
2013-09-09,2.54797,27911.009461739985
2013-09-10,2.52096,41816.45200165991
2013-09-11,2.5082,38417.399453079976
2013-09-12,2.49915,30864.754432180085
2013-09-13,2.46998,56071.552822000114
2013-09-14,2.4351,57163.36047868002
2013-09-15,2.49623,53631.61950335962
2013-09-16,2.48,27850.527921690038
2013-09-17,2.46002,18501.941890249997
2013-09-18,2.44393,23445.096490339583
2013-09-19,2.44531,43491.94423335006
2013-09-20,2.335,128839.17616858993
2013-09-21,2.399,48623.25755297018
2013-09-22,2.38753,25654.70555177027
2013-09-23,2.37,25268.936598900145
2013-09-24,2.355,30224.823746640093
2013-09-25,2.28,106366.79353487022
2013-09-26,2.3,42044.254245470016
2013-09-27,2.20256,55978.603918399866
2013-09-28,2.045,120329.57041157012
2013-09-29,2.07505,51079.32538893003
2013-09-30,2.17684,62465.534584619774
2013-10-01,2.27699,70324.78876990986
2013-10-02,1.77999,404804.2322729101
2013-10-03,2.03998,223604.83475184996
2013-10-04,2.05,120511.32283320095
2013-10-05,2.00512,92690.08301391055
2013-10-06,2.02,32507.60839262956
2013-10-07,2.007,46123.60077578998
2013-10-08,1.9,91611.1138893399
2013-10-09,1.81689,136442.89355061957
2013-10-10,1.91453,387686.96700018574
2013-10-11,1.9641,178721.29749947114
2013-10-12,1.962,15720.011232530007
2013-10-13,1.99011,88007.83833045154
2013-10-14,1.92693,119410.20219610175
2013-10-15,1.88701,107418.59473132993
2013-10-16,1.81632,169849.28034240237
2013-10-17,1.83602,13128.285926510205
2013-10-18,1.8024,58579.94629186937
2013-10-19,1.71001,240043.17780860595
2013-10-20,1.76101,37260.295751869846
2013-10-21,1.69756,136503.64095712072
2013-10-22,1.62,212455.48957284182
2013-10-23,2.025,251086.8597555467
2013-10-24,2.1199,363587.4974528416
2013-10-25,2.074,393152.52357778844
2013-10-26,2.1388,83080.84093664962
2013-10-27,2.0329,145741.60042461177
2013-10-28,2.074,75690.84560340026
2013-10-29,2.07622,41875.64500246999
2013-10-30,2.19631,219672.30371087673
2013-10-31,2.29089,157502.83971375975
2013-11-01,2.3591,209483.54812497215
2013-11-02,2.60174,241077.4313143318
2013-11-03,2.813,638417.0466301064
2013-11-04,2.99,417695.3771487471
2013-11-05,2.94,250575.00083204234
2013-11-06,3.249,389842.6911855668
2013-11-07,4.132,699211.728742985
2013-11-08,4.28299,451317.33599405736
2013-11-09,4.118,410193.1999653748
2013-11-10,3.63,565792.6171313357
2013-11-11,3.74426,309119.67656723445
2013-11-12,3.787,187132.43449198248
2013-11-13,3.9302,312196.22708780924
2013-11-14,4.1091,247652.12862913287
2013-11-15,4.07,248453.40235648502
2013-11-16,4.1218,110891.61100188733
2013-11-17,4.1208,206729.78990964548
2013-11-18,8.90849,550494.4288018752
2013-11-19,7.6,503757.798222838
2013-11-20,7.3499,536898.9364830635
2013-11-21,8.67001,447784.10713762924
2013-11-22,9.199,399599.7767894188
2013-11-23,9.64253,438597.04977749713
2013-11-24,9.32,342264.4491564718
2013-11-25,11.34,216638.0664033659
2013-11-26,19.5,310394.60560335644
2013-11-27,36.5,357635.2159018562
2013-11-28,40.1362,282186.90884684154
2013-11-29,34,244948.6711693866
2013-11-30,37.6286,185702.09602411106
2013-12-01,31.8,205607.86302341532
2013-12-02,31.3,232572.79259912297
2013-12-03,36.63,202759.66489206234
2013-12-04,41.7107,239429.4571249971
2013-12-05,35.5,326573.98580102006
2013-12-06,30.0001,344218.2097707519
2013-12-07,23.15,471209.04968779767
2013-12-08,26.901,412033.30427170754
2013-12-09,30.8437,381960.2539182898
2013-12-10,35.2499,317622.57161051495
2013-12-11,30.26,375226.7817263627
2013-12-12,31.06,314713.60797519825
2013-12-13,30.331,280961.730333775
2013-12-14,29.55,154450.05177947626
2013-12-15,30.84,306788.6149467045
2013-12-16,23.9,385443.50600216945
2013-12-17,21.298,498239.0154808946
2013-12-18,13,764835.5059167725
2013-12-19,19.73,644598.3329626722
2013-12-20,17,569273.8067768221
2013-12-21,16.22,445220.3209673961
2013-12-22,16.53,427849.2428016533
2013-12-23,17.24,307511.9526024896
2013-12-24,17.19,251275.33144178794
2013-12-25,21.0748,378809.31365951017
2013-12-26,24,500449.2288775878
2013-12-27,22.54,485377.45532313443
2013-12-28,21.93,290942.8191709483
2013-12-29,23.16,235025.55700819404
2013-12-30,23.52,288765.38998240576
2013-12-31,23.5666,217350.06758445804
2014-01-01,23.7087,203257.53938945406
2014-01-02,24.92,246908.27815718437
2014-01-03,24.1,350340.8193204585
2014-01-04,24.1,233480.55185840448
2014-01-05,26.135,297904.0737590939
2014-01-06,28.5604,378869.17879717995
2014-01-07,21.611,414133.365442653
2014-01-08,23.905,492163.80448074464
2014-01-09,23.722,376932.2037496062
2014-01-10,24.1781,202326.18311398395
2014-01-11,25.9,345820.7468289531
2014-01-12,24.4404,333427.43305429193
2014-01-13,23.7983,331779.6712981333
2014-01-14,23.6201,204536.81935388874
2014-01-15,24.576,231413.44979325595
2014-01-16,23.74,171740.0524102634
2014-01-17,23.1678,238271.06146551238
2014-01-18,23.9,119400.96924274325
2014-01-19,24.41,114143.55278220201
2014-01-20,24.02,143091.24549056232
2014-01-21,23.961,103708.2458089504
2014-01-22,23.03,202187.36529679035
2014-01-23,21.88,172604.63282300206
2014-01-24,20.157,353529.6564846133
2014-01-25,21.82,275585.94578812196
2014-01-26,22.3734,225878.63822337656
2014-01-27,19.4,290828.6964287919
2014-01-28,20.54,315713.2480509411
2014-01-29,20.936,173551.31486322082
2014-01-30,21.1,210399.19958141402
2014-01-31,21.217,86932.07885569005
2014-02-01,21.732,139039.82177456073
2014-02-02,21.701,95805.90159641953
2014-02-03,21.23,96421.24863040946
2014-02-04,21.1309,75972.1435666799
2014-02-05,20.48,104714.8207170513
2014-02-06,19.73,157679.94280259352
2014-02-07,18.5,399440.6365742899
2014-02-08,18.17,240944.42320073143
2014-02-09,18.3908,195065.54491812162
2014-02-10,17.8,398581.5766677813
2014-02-11,17.3767,373756.3217609074
2014-02-12,16.88,186107.06435659144
2014-02-13,15.2459,331557.4133667841
2014-02-14,16.267,532139.6894288207
2014-02-15,15.9465,139784.1145827016
2014-02-16,15.085,235997.33035009075
2014-02-17,15.3799,210210.63911701963
2014-02-18,15.3961,100594.66967629128
2014-02-19,15.545,57137.613421189286
2014-02-20,13.7235,281888.0528670818
2014-02-21,13.7999,259097.10125892345
2014-02-22,14.9,159676.15515164039
2014-02-23,15.2884,214965.30391059394
2014-02-24,14.6,277767.0440130895
2014-02-25,13.74,581981.8884315536
2014-02-26,14.13,376278.0158901818
2014-02-27,14.12,123056.66920292193
2014-02-28,13.08,206290.95060596467
2014-03-01,13.5944,108123.26910147419
2014-03-02,12.76,121196.2668225803
2014-03-03,14.2067,400830.07071490167
2014-03-04,16.86,421216.4157387675
2014-03-05,16.2513,284312.7950128439
2014-03-06,16.348,197705.19777303393
2014-03-07,15.7503,164992.8323886817
2014-03-08,15.4,146113.90009022073
2014-03-09,16,166566.25213375286
2014-03-10,16.017,150984.60822826053
2014-03-11,16.05,74190.28968443962
2014-03-12,17.0957,177449.24479737974
2014-03-13,16.933,85876.13889431012
2014-03-14,16.603,79795.30232913987
2014-03-15,16.87,66297.82656474985
2014-03-16,17.3546,103774.41867048133
2014-03-17,17.36,126104.2876519812
2014-03-18,19.47,236789.74894918466
2014-03-19,17.25,300370.09882733884
2014-03-20,16.3986,299907.1588958017
2014-03-21,15.748,251162.21073257338
2014-03-22,15.8,154612.63121821496
2014-03-23,15.5652,70109.17561211059
2014-03-24,16.211,205588.1371303311
2014-03-25,16.2151,154445.229057472
2014-03-26,16.4,170656.96669503057
2014-03-27,12.8001,433607.49087051436
2014-03-28,14.0327,370281.37193380756
2014-03-29,13.55,100765.77436278063
2014-03-30,13.2,292149.51480546995
2014-03-31,12.85,231156.65553114322
2014-04-01,13.245,176617.69973863263
2014-04-02,11.33,266793.21325859905
2014-04-03,11.1298,309624.3415199183
2014-04-04,11.091,195224.98241891214
2014-04-05,11.2499,115480.78357771126
2014-04-06,11.711,164404.42316650267
2014-04-07,11.241,120586.00447308166
2014-04-08,11.3,114658.30590975183
2014-04-09,11.1275,62396.725440184426
2014-04-10,8.385,235363.22577200126
2014-04-11,10.86,376505.62985558226
2014-04-12,10.568,201740.8752990188
2014-04-13,10.3553,188695.4141514309
2014-04-14,11.37,286174.20345144696
2014-04-15,13.274,321333.4083551925
2014-04-16,13.42,245584.61850253528
2014-04-17,12.3462,218954.4771555033
2014-04-18,12.011,189413.06173066772
2014-04-19,12.7492,185680.82947016926
2014-04-20,12.4052,127861.4392135807
2014-04-21,12.31,110236.78904013085
2014-04-22,11.85,99908.4458092111
2014-04-23,11.9729,87218.72047706023
2014-04-24,12.457,140650.54455536138
2014-04-25,10.74,220304.1060922152
2014-04-26,10.51,98842.44993422176
2014-04-27,9.9,109279.07092925078
2014-04-28,10.0589,152998.21469743963
2014-04-29,10.331,138098.49906311085
2014-04-30,10.858,185137.83737073178
2014-05-01,11.02,156986.5452982809
2014-05-02,10.3917,112262.50136663193
2014-05-03,10.24,118451.61684291137
2014-05-04,10.228,45220.63300592972
2014-05-05,10.1098,80378.64277371939
2014-05-06,10.25,134302.93911719118
2014-05-07,10.41,123000.23572564388
2014-05-08,10.3,84991.1543273492
2014-05-09,10.6478,98142.75819644991
2014-05-10,10.614,88299.09074234894
2014-05-11,10.3,90796.55593869035
2014-05-12,10.3691,46626.87051211939
2014-05-13,10.36,45311.01175908001
2014-05-14,10.3764,44071.3872482392
2014-05-15,10.399,57938.39082587868
2014-05-16,10.3,38839.72689969974
2014-05-17,10.25,33011.077822549814
2014-05-18,10.338,23502.763366779986
2014-05-19,10.2112,34509.48628382993
2014-05-20,10.51,120245.80686738102
2014-05-21,10.4955,88236.31958474118
2014-05-22,10.6322,113629.8194364805
2014-05-23,11.1243,180826.13794880407
2014-05-24,11.0946,88611.29817082016
2014-05-25,11.5094,174710.8674944703
2014-05-26,11.4989,101937.68555481003
2014-05-27,11.0069,90435.7907232297
2014-05-28,10.8113,63469.99936213983
2014-05-29,10.5597,46962.128808609865
2014-05-30,11.1101,119112.9851816113
2014-05-31,10.8658,96385.49175006076
2014-06-01,11.0423,150480.60320525005
2014-06-02,11.241,107018.12627241366
2014-06-03,11.35,65538.0151069686
2014-06-04,10.8264,81833.19482649969
2014-06-05,11.16,55802.651074328896
2014-06-06,11.03,47638.74187918946
2014-06-07,10.99,51260.89392939977
2014-06-08,11.132,51919.672932579226
2014-06-09,11.098,44708.624635269436
2014-06-10,10.9272,52786.36467310908
2014-06-11,10.76,67467.25414807971
2014-06-12,10.0574,135667.85895767115
2014-06-13,10.1535,100282.8371028102
2014-06-14,9.89814,129364.26698416889
2014-06-15,9.871,104739.29661660177
2014-06-16,9.5801,89857.17909974001
2014-06-17,9.5355,47588.69731384985
2014-06-18,9.53144,32138.511432439882
2014-06-19,9.8629,79595.48196501106
2014-06-20,9.70741,52313.25269687958
2014-06-21,9.7308,36148.967481469736
2014-06-22,9.6379,53451.60136805995
2014-06-23,9.61,32760.139035409837
2014-06-24,9.449,35405.64271275991
2014-06-25,9.09418,82489.90046582956
2014-06-26,8.98167,51423.12423262965
2014-06-27,9.21,46756.599098919876
2014-06-28,9.07961,32180.840968859935
2014-06-29,8.87854,56742.263951669825
2014-06-30,8.9,86527.65816143012
2014-07-01,7.6943,66200.7266719094
2014-07-02,8.10434,183298.9925850428
2014-07-03,7.91,62274.46190328821
2014-07-04,7.25246,79520.733339111
2014-07-05,7.27554,138965.14103414724
2014-07-06,7.08,87665.08329676122
2014-07-07,7.508,153989.42127621328
2014-07-08,7.7,93202.75292349985
2014-07-09,7.70466,113057.37344756204
2014-07-10,7.71801,59978.21958727977
2014-07-11,7.76791,58902.6875656996
2014-07-12,8.5999,139433.9268957508
2014-07-13,8.89336,127740.08822036246
2014-07-14,8.67336,125550.15944589056
2014-07-15,8.64,51160.39142750014
2014-07-16,8.331,77401.96548866962
2014-07-17,8.7198,70401.95046838025
2014-07-18,8.75,67812.03135574973
2014-07-19,8.70663,33018.60706382968
2014-07-20,8.5,57154.46189428931
2014-07-21,8.55362,48490.534448729864
2014-07-22,8.4713,22140.86976011015
2014-07-23,8.40491,44889.16171955954
2014-07-24,7.70781,144683.00150402077
2014-07-25,7.5416,134344.5795958015
2014-07-26,7.52329,44299.41935854994
2014-07-27,7.69051,46062.95241829989
2014-07-28,7.5299,72822.47062455994
2014-07-29,7.54801,21431.471475909948
2014-07-30,7.21987,85304.08284553043
2014-07-31,7.475,108885.51920262178
2014-08-01,7.67,67780.19118247929
2014-08-02,7.5688,30615.147616329785
2014-08-03,7.45643,19579.601535789992
2014-08-04,7.35,34026.45912504984
2014-08-05,7.21993,57947.247574989124
2014-08-06,7.12964,38614.12581084906
2014-08-07,7.15,133067.45826391218
2014-08-08,6.9891,73475.1713494599
2014-08-09,6.9,81625.36656694012
2014-08-10,6.91991,24555.95378485976
2014-08-11,6.04,175370.33030365134
2014-08-12,5.65122,179896.8810100733
2014-08-13,5.00567,266872.74523128517
2014-08-14,5.058,181091.82082783344
2014-08-15,5.05033,88179.18820584146
2014-08-16,4.941,87048.07809093012
2014-08-17,4.2948,162398.4785156888
2014-08-18,3.57202,316434.2641492575
2014-08-19,4.69399,337468.50076876284
2014-08-20,5.44,341598.05213631905
2014-08-21,5.71536,319746.6153994416
2014-08-22,5.2,297365.29973815015
2014-08-23,4.86448,215003.41906968007
2014-08-24,5.39073,320924.52483682346
2014-08-25,5.19214,151127.0614980639
2014-08-26,5.52328,145634.80623949345
2014-08-27,5.369,201215.7731212322
2014-08-28,5.25875,148767.90047917326
2014-08-29,5.34765,94200.14326752031
2014-08-30,5.189,89659.35875502056
2014-08-31,4.846,93884.39103809095
2014-09-01,4.70001,97268.11313145021
2014-09-02,4.767,168809.3348999745
2014-09-03,4.848,70713.441571811
2014-09-04,5.146,141313.4213790412
2014-09-05,4.94809,58758.41929547938
2014-09-06,4.96,64355.0904426996
2014-09-07,5.136,92374.6939142108
2014-09-08,5.058,116071.01834426045
2014-09-09,5.00095,75854.66486887012
2014-09-10,5.27002,160159.41332407127
2014-09-11,5.43,120622.00621009206
2014-09-12,5.29525,60413.807134089344
2014-09-13,5.4,65206.91544896948
2014-09-14,5.325,59075.440341219466
2014-09-15,5.07,113379.65566744113
2014-09-16,5.015,113247.54294987004
2014-09-17,4.96984,106456.07017659089
2014-09-18,4.621,217023.79444548197
2014-09-19,4.23176,157369.19182141437
2014-09-20,4.22,242847.65696410998
2014-09-21,4.1234,142791.67544100108
2014-09-22,4.11556,55858.59819542963
2014-09-23,4.65347,139603.7834627631
2014-09-24,4.56189,102548.59675986062
2014-09-25,4.44434,72319.5099726599
2014-09-26,4.36997,62218.41584491945
2014-09-27,4.33389,21515.26673699993
2014-09-28,4.18197,56734.02160004003
2014-09-29,4.1866,73610.43481066977
2014-09-30,4.44396,96204.71133671052
2014-10-01,4.3699,78974.85359388017
2014-10-02,4.26818,48892.57500432993
2014-10-03,4.02183,73681.16316370947
2014-10-04,3.78986,160656.85845315323
2014-10-05,3.68176,200969.55531443164
2014-10-06,3.726,161301.5335535716
2014-10-07,3.771,104153.2520277615
2014-10-08,3.921,136129.76142002014
2014-10-09,3.84,128399.27433363072
2014-10-10,3.721,73525.92547158983
2014-10-11,3.713,54814.09922562962
2014-10-12,3.8829,61304.37653808969
2014-10-13,3.81928,77557.26366114951
2014-10-14,4.072,167674.93318044196
2014-10-15,3.995,86043.07231386943
2014-10-16,3.934,76368.65391168985
2014-10-17,3.976,34296.268138430205
2014-10-18,4,50898.52000662001
2014-10-19,3.947,30804.627971570106
2014-10-20,3.88,39318.32222817016
2014-10-21,3.905,22631.629242550014
2014-10-22,3.806,34588.99096795987
2014-10-23,3.69865,53424.801464370015
2014-10-24,3.71165,20976.851821459997
2014-10-25,3.653,36330.83724795983
2014-10-26,3.72,23429.075368879985
2014-10-27,3.79645,43755.08465779988
2014-10-28,3.8,21422.170562379993
2014-10-29,3.69436,42927.97140617989
2014-10-30,3.768,41599.808090999984
2014-10-31,3.72,20232.33408035
2014-11-01,3.533,56534.19445212974
2014-11-02,3.581,18436.59660441003
2014-11-03,3.56243,30298.635655739916
2014-11-04,3.58998,18130.345800650048
2014-11-05,3.62,26656.181661879917
2014-11-06,3.625,27371.531549150033
2014-11-07,3.54148,26497.867790069788
2014-11-08,3.536,18649.26184132998
2014-11-09,3.65,34372.43861327002
2014-11-10,3.666,62730.976305999575
2014-11-11,3.647,24157.430061839867
2014-11-12,3.95,148663.91590585065
2014-11-13,3.99799,216772.28264826903
2014-11-14,3.945,50492.05799676911
2014-11-15,3.8364,50552.40251281992
2014-11-16,3.8585,25673.373317269998
2014-11-17,3.84081,48374.36542916992
2014-11-18,3.7206,31520.149736819756
2014-11-19,3.764,29320.11084299994
2014-11-20,3.58815,45964.00817651991
2014-11-21,3.45,43769.82760051006
2014-11-22,3.49837,34611.562896209856
2014-11-23,3.56,26176.678186039935
2014-11-24,3.58908,43599.54868108981
2014-11-25,3.541,39819.777843879805
2014-11-26,3.52,11772.81755052001
2014-11-27,3.525,15283.905296289984
2014-11-28,3.56,37235.26947697977
2014-11-29,3.53465,27960.740128479887
2014-11-30,3.537,9526.875310600035
2014-12-01,3.538,13470.709311140008
2014-12-02,3.5987,36905.96891053987
2014-12-03,3.543,22116.64783489007
2014-12-04,3.5,22082.73317069991
2014-12-05,3.542,11244.457701199974
2014-12-06,3.54515,15410.319713260064
2014-12-07,3.6448,32440.956570669863
2014-12-08,3.6,56498.120886840166
2014-12-09,3.444,55409.42840036977
2014-12-10,3.439,19745.917596120136
2014-12-11,3.384,52105.98889506981
2014-12-12,3.41215,12136.045442630058
2014-12-13,3.398,8618.57838676001
2014-12-14,3.407,11533.401675570032
2014-12-15,3.386,19787.503503120002
2014-12-16,2.96483,125135.44903267841
2014-12-17,2.9374,78078.14495807949
2014-12-18,2.808,71398.5476068095
2014-12-19,2.848,38005.85363929991
2014-12-20,2.9303,37326.47588480983
2014-12-21,2.817,17997.65696185022
2014-12-22,2.851,29480.83622747003
2014-12-23,2.85,20874.679633270065
2014-12-24,2.699,41435.40131010011
2014-12-25,2.7,34062.141536780095
2014-12-26,2.767,30965.153813830017
2014-12-27,2.689,24872.010768840184
2014-12-28,2.7,23555.457458399993
2014-12-29,2.687,17025.45891648001
2014-12-30,2.7,27549.984623959997
2014-12-31,2.725,15441.86095985002
2015-01-01,2.69,9860.37262789001
2015-01-02,2.6557,12834.861740850016
2015-01-03,2.10806,230007.11143997038
2015-01-04,1.96343,208925.52317138255
2015-01-05,2.078,119058.54821284986
2015-01-06,2.12214,83012.97575223082
2015-01-07,2.13277,73024.46138598995
2015-01-08,2.02,50776.04877668978
2015-01-09,1.989,58376.050267459716
2015-01-10,1.657,151443.47863008015
2015-01-11,1.73353,215151.12424773097
2015-01-12,1.69,93320.26018124023
2015-01-13,1.53,223732.8780658427
2015-01-14,1.13,228354.74693216258
2015-01-15,1.26601,261678.53210145186
2015-01-16,1.38471,198051.46445133153
2015-01-17,1.291,115925.32721690198
2015-01-18,1.315,92030.16805057984
2015-01-19,1.331,61293.97857944971
2015-01-20,1.318,58160.085887259505
2015-01-21,1.36,60669.93162414947
2015-01-22,1.395,110627.56192610036
2015-01-23,1.41,57780.846475730075
2015-01-24,1.84075,267463.9251683797
2015-01-25,2.23,410272.83839601855
2015-01-26,2.027,343473.01748867467
2015-01-27,2.03,339643.34455347015
2015-01-28,1.7997,212909.45101720042
2015-01-29,1.881,206338.65426056084
2015-01-30,1.849,108599.8298733997
2015-01-31,1.85018,66456.95396289938
2015-02-01,1.77,220597.49937498046
2015-02-02,1.839,128018.75647157233
2015-02-03,1.79,203696.78805404276
2015-02-04,1.78351,82789.66896570082
2015-02-05,1.73884,74526.18401887928
2015-02-06,1.75914,76441.53402800941
2015-02-07,1.78999,69159.79832891947
2015-02-08,1.766,35309.21501019974
2015-02-09,1.722,102568.1367046511
2015-02-10,1.745,139016.9806880711
2015-02-11,1.721,43656.70025790978
2015-02-12,1.72877,28610.470343420064
2015-02-13,1.8011,126132.69193407052
2015-02-14,1.92365,173289.61134414072
2015-02-15,1.825,287144.30943023367
2015-02-16,1.777,78256.75063748968
2015-02-17,1.839,60211.47443917969
2015-02-18,1.798,49784.39669629979
2015-02-19,1.8101,41372.93190776009
2015-02-20,1.806,42046.22220432024
2015-02-21,1.79373,13254.160605299947
2015-02-22,1.756,60684.95642791983
2015-02-23,1.769,31234.172799680084
2015-02-24,1.772,27334.640990049982
2015-02-25,1.762,15272.405885959986
2015-02-26,1.759,17308.438556299996
2015-02-27,1.81001,94346.3924746605
2015-02-28,1.79481,18581.841064030046
2015-03-01,1.843,75076.70415297008
2015-03-02,1.906,125780.80201753139
2015-03-03,1.934,143027.85931791112
2015-03-04,1.912,92414.10990502026
2015-03-05,1.89,62832.30393908974
2015-03-06,1.886,47704.82448688005
2015-03-07,1.899,27351.407097890056
2015-03-08,1.88136,45364.32476457008
2015-03-09,1.92,51378.394763149714
2015-03-10,1.985,137142.36237990012
2015-03-11,2,30104.597119739516
2015-03-12,2.02573,59028.6117798579
2015-03-13,1.97718,50540.539510238756
2015-03-14,1.948,49727.10013799916
2015-03-15,1.981,35078.70687649995
2015-03-16,2.01101,31816.9765664495
2015-03-17,1.956,80162.93672929972
2015-03-18,1.722,200551.28775823183
2015-03-19,1.746,111264.75252077948
2015-03-20,1.743,25997.70685848956
2015-03-21,1.74,37879.674901499864
2015-03-22,1.79,36879.48558155999
2015-03-23,1.761,40451.09550357012
2015-03-24,1.67299,100309.52073725007
2015-03-25,1.684,134544.0593308597
2015-03-26,1.668,50894.14073222928
2015-03-27,1.681,18238.788455690064
2015-03-28,1.684,20425.440588020083
2015-03-29,1.63989,39607.08315039009
2015-03-30,1.663,28612.261729199905
2015-03-31,1.632,29664.266949350065
2015-04-01,1.647,15612.881793310013
2015-04-02,1.66,42078.2016084201
2015-04-03,1.672,22157.191123010056
2015-04-04,1.659,23734.1403704701
2015-04-05,1.685,23969.378510680042
2015-04-06,1.646,32173.972902730064
2015-04-07,1.64,25163.256249569997
2015-04-08,1.609,24231.45988027007
2015-04-09,1.573,41673.22176517
2015-04-10,1.494,56443.63624789971
2015-04-11,1.454,56152.36131775999
2015-04-12,1.45,51381.838030649946
2015-04-13,1.3667,62802.55209008978
2015-04-14,1.372,104294.26223665965
2015-04-15,1.37818,45427.316887169945
2015-04-16,1.398,66684.19486464013
2015-04-17,1.403,37115.09626231996
2015-04-18,1.395,17761.47002564002
2015-04-19,1.378,26685.517475700017
2015-04-20,1.385,11162.79549717002
2015-04-21,1.414,55641.36209839997
2015-04-22,1.435,43697.63038256982
2015-04-23,1.44,35207.32684363002
2015-04-24,1.40312,42703.50159137994
2015-04-25,1.392,20613.35517569011
2015-04-26,1.32199,53529.09315065011
2015-04-27,1.408,94346.37100720083
2015-04-28,1.386,37238.20634755013
2015-04-29,1.381,34049.50715391012
2015-04-30,1.457,102442.884347891
2015-05-01,1.421,89186.77142918043
2015-05-02,1.42842,21510.04249384004
2015-05-03,1.436,138731.76909763023
2015-05-04,1.413,73748.59729356004
2015-05-05,1.417,64228.6685829096
2015-05-06,1.39985,31698.766634690004
2015-05-07,1.45,103065.06639000068
2015-05-08,1.4738,97679.21435121079
2015-05-09,1.448,48962.619693399705
2015-05-10,1.441,63992.336976679886
2015-05-11,1.441,30322.376044519773
2015-05-12,1.435,28682.038437009993
2015-05-13,1.4551,101141.17811359078
2015-05-14,1.4499,67369.31577214002
2015-05-15,1.4579,16980.58833509999
2015-05-16,1.45062,51652.35222017008
2015-05-17,1.45111,5432.1788479799925
2015-05-18,1.44147,24852.48852145001
2015-05-19,1.44996,9437.198569310021
2015-05-20,1.46781,25765.417141640002
2015-05-21,1.47267,54769.062762739835
2015-05-22,1.834,177335.66625202203
2015-05-23,1.78599,106630.39904809103
2015-05-24,1.83,36822.67803568964
2015-05-25,1.79531,58293.71938009026
2015-05-26,1.82292,23975.962396389918
2015-05-27,1.8542,58400.558651109975
2015-05-28,1.85088,25923.295455649783
2015-05-29,1.84203,30890.256459640295
2015-05-30,1.81859,20077.966022359902
2015-05-31,1.63779,84016.05886614961
2015-06-01,1.61935,101546.87153203004
2015-06-02,1.67161,36139.39766869007
2015-06-03,1.705,21034.09057722003
2015-06-04,1.671,26507.19029364002
2015-06-05,1.7676,26576.972969079914
2015-06-06,1.7688,31569.415263990122
2015-06-07,1.75609,28512.926433649853
2015-06-08,1.78319,62732.29544546967
2015-06-09,1.82,123657.62789854038
2015-06-10,1.76652,71607.22265757974
2015-06-11,1.80063,38624.70700358993
2015-06-12,1.82,23120.201125489948
2015-06-13,1.88,57091.1567840201
2015-06-14,2.00481,191738.97825626782
2015-06-15,2.005,79330.25872691027
2015-06-16,2.89651,386228.1589268121
2015-06-17,2.85722,516512.81022380694
2015-06-18,3.07861,324284.9000925456
2015-06-19,2.81,339747.6561089775
2015-06-20,3.02984,184450.9463759898
2015-06-21,3,135459.4449334499
2015-06-22,3.021,102138.6845384802
2015-06-23,2.98015,60783.24704416015
2015-06-24,2.775,131498.14754440216
2015-06-25,2.8425,145911.75018447952
2015-06-26,2.869,52828.90859495027
2015-06-27,3.075,149118.6418922702
2015-06-28,3.04451,144116.06731139976
2015-06-29,3.71915,367165.0110471974
2015-06-30,4.10085,490501.8413420337
2015-07-01,3.90659,209614.46052435745
2015-07-02,4.05679,180336.89055384818
2015-07-03,4.089,164104.70824003767
2015-07-04,4.111,110751.46366473107
2015-07-05,4.94007,257471.34700714203
2015-07-06,5.35,460717.7320400051
2015-07-07,5.17,311727.2675140944
2015-07-08,6.39,375091.63821453764
2015-07-09,7.54883,513825.82942354254
2015-07-10,4.36388,697026.0391977568
2015-07-11,4.28,468304.2946188432
2015-07-12,5.22,449824.72849211335
2015-07-13,4.62288,544241.052645137
2015-07-14,4.52122,242337.41601246185
2015-07-15,4.08575,369295.8917204949
2015-07-16,3.71761,603711.686756393
2015-07-17,3.6897,452413.49416456395
2015-07-18,3.87149,320275.40902170504
2015-07-19,3.60561,205504.48906639064
2015-07-20,3.908,165730.1776300104
2015-07-21,3.7,163997.6624501106
2015-07-22,3.77225,114338.72107249008
2015-07-23,3.742,115486.37087335016
2015-07-24,4.57632,518453.52041913575
2015-07-25,4.56327,342517.0407386258
2015-07-26,4.57,199035.45377371387
2015-07-27,4.57736,164054.31552769916
2015-07-28,4.96183,347296.36136983876
2015-07-29,4.71,259345.04258779855
2015-07-30,4.53,260151.28886170068
2015-07-31,4.58081,164178.84936916147
2015-08-01,4.154,282661.77543644136
2015-08-02,4.14251,246988.64906825914
2015-08-03,4.131,241164.26800807
2015-08-04,4.32293,149321.3808732418
2015-08-05,4.28998,104865.811050119
2015-08-06,4.03,183378.29690039004
2015-08-07,4.14288,254708.4659518952
2015-08-08,3.7861,285372.4960529761
2015-08-09,3.85,203633.93441936065
2015-08-10,3.89874,94700.09416730974
2015-08-11,4.165,155084.23968318966
2015-08-12,3.90994,185472.6937788694
2015-08-13,3.81496,100937.02676502016
2015-08-14,3.96052,144718.19456120222
2015-08-15,3.85659,87985.83297669025
2015-08-16,3.924,110524.44506151047
2015-08-17,3.95,83460.26490872033
2015-08-18,3.5329,158125.4440460724
2015-08-19,3.36449,280552.5133450648
2015-08-20,3.54507,155801.09367031066
2015-08-21,3.50515,98499.68722534087
2015-08-22,3.44232,93696.84187209058
2015-08-23,3.32551,111037.60212763137
2015-08-24,2.90022,493039.4153537839
2015-08-25,2.9203,763093.5474568439
2015-08-26,2.92981,323043.2365356563
2015-08-27,2.82203,146346.09519656928
2015-08-28,2.8663,340919.8056797738
2015-08-29,2.853,54488.74912561975
2015-08-30,2.80889,26007.58213879996
2015-08-31,2.80666,114471.2164654696
2015-09-01,2.76642,51591.79103631964
2015-09-02,2.75898,61394.44990237958
2015-09-03,2.613,181295.0671920318
2015-09-04,2.65385,93224.98414037967
2015-09-05,2.8735,180483.49914755125
2015-09-06,2.99,359627.2860453193
2015-09-07,3.00904,40735.38770796994
2015-09-08,3.03393,237702.5113492206
2015-09-09,2.899,262966.71745053097
2015-09-10,2.929,102732.77216048009
2015-09-11,2.92258,75443.2472195805
2015-09-12,2.79113,127732.90769035098
2015-09-13,2.79573,79882.79377116986
2015-09-14,2.81332,48886.83398283966
2015-09-15,2.78467,41563.50379818934
2015-09-16,2.77887,73409.97973643045
2015-09-17,2.89832,141544.54283887005
2015-09-18,2.9201,121154.9054386295
2015-09-19,2.84786,73319.41312750976
2015-09-20,2.82161,39390.46664643012
2015-09-21,2.77193,66077.02666377979
2015-09-22,2.81015,87111.61161542016
2015-09-23,2.83678,31982.696960179524
2015-09-24,2.88829,69654.01849186009
2015-09-25,2.85898,48987.297774599894
2015-09-26,2.865,34289.63395361001
2015-09-27,2.8503,14726.43538753002
2015-09-28,3.03437,162600.7044195331
2015-09-29,2.92603,202305.83249894003
2015-09-30,2.98849,77445.37368362553
2015-10-01,2.9769,80145.6314775494
2015-10-02,2.95702,43700.01878048957
2015-10-03,2.99711,49012.039761719556
2015-10-04,2.9754,31636.01998083979
2015-10-05,2.99033,79637.02580136026
2015-10-06,3.099,127477.97329745174
2015-10-07,3.017,103962.82305287042
2015-10-08,3.03011,69977.05326442077
2015-10-09,3.07529,42184.970749169755
2015-10-10,3.06132,37205.964784979726
2015-10-11,3.11414,84814.57451914206
2015-10-12,3.09983,71661.3292160699
2015-10-13,3.12513,107774.40824887987
2015-10-14,3.10163,90178.67310827067
2015-10-15,3.07578,72735.69685899
2015-10-16,3.06349,71487.2434813098
2015-10-17,2.99766,99652.17075516282
2015-10-18,2.96853,43409.0474419999
2015-10-19,3.01162,42442.650871089696
2015-10-20,3.04986,44547.666377539914
2015-10-21,3.03468,30164.127972259463
2015-10-22,3.05585,37660.21290280007
2015-10-23,3.04121,36882.69688877994
2015-10-24,3.037,25742.542016989973
2015-10-25,2.98,91398.11789794061
2015-10-26,3.06,38434.81746122991
2015-10-27,3.04773,32634.798705900033
2015-10-28,3.02473,26475.6999039303
2015-10-29,3.61894,266205.61992824514
2015-10-30,3.78476,399124.74983203306
2015-10-31,3.52381,218367.0575490619
2015-11-01,3.5803,105150.60294947168
2015-11-02,3.836,216810.38527640924
2015-11-03,4.22229,481626.2369364735
2015-11-04,4.02226,569824.5642376224
2015-11-05,3.77,523163.592215807
2015-11-06,3.40272,398135.5541534006
2015-11-07,3.43873,99275.51627224984
2015-11-08,3.31191,112560.13408838087
2015-11-09,3.30877,260404.23581214013
2015-11-10,3.11651,305845.69946487644
2015-11-11,2.92855,182977.6348873228
2015-11-12,3.2448,247199.16252035552
2015-11-13,3.21119,75742.89887449014
2015-11-14,3.16313,41069.349844319106
2015-11-15,3.02602,118561.42034394958
2015-11-16,3.14971,65886.95511333917
2015-11-17,3.16655,70191.5600004393
2015-11-18,3.16867,54478.02702377943
2015-11-19,3.09791,70579.54839071936
2015-11-20,3.08698,95943.05182031002
2015-11-21,3.11489,23167.798937629967
2015-11-22,3.11201,39059.92020657973
2015-11-23,3.0912,25341.526578299938
2015-11-24,3.08623,40548.6107549894
2015-11-25,3.355,199922.91902402032
2015-11-26,3.52078,443889.44143974764
2015-11-27,3.51332,131779.72746530038
2015-11-28,3.47803,50755.58307894906
2015-11-29,3.64521,148105.57001642027
2015-11-30,3.56737,166638.51967583274
2015-12-01,3.40704,176919.00946707177
2015-12-02,3.3,105571.36402587981
2015-12-03,3.3388,97693.84747647993
2015-12-04,3.3233,41925.203161219506
2015-12-05,3.46014,149904.22584064948
2015-12-06,3.39,236151.6418333022
2015-12-07,3.55509,142368.79627315127
2015-12-08,3.6531,104979.04682001067
2015-12-09,3.60448,259619.19667154184
2015-12-10,3.619,74029.83834655852
2015-12-11,3.75,250550.05541818042
2015-12-12,3.52491,158353.79711215897
2015-12-13,3.519,47598.21298222994
2015-12-14,3.57,79017.03470660975
2015-12-15,3.742,217350.4608960523
2015-12-16,3.59,173323.09142440883
2015-12-17,3.68,73237.86152275909
2015-12-18,3.681,46953.643379789675
2015-12-19,3.65271,29583.706377300074
2015-12-20,3.49,133775.2812142198
2015-12-21,3.42145,116472.08702836104
2015-12-22,3.38869,34366.3761670597
2015-12-23,3.57,91449.92578654956
2015-12-24,3.59901,96575.63393232862
2015-12-25,3.57078,32697.262735890166
2015-12-26,3.42886,171186.44857862146
2015-12-27,3.49064,75477.423089727
2015-12-28,3.455,39315.470791239684
2015-12-29,3.514,106369.09027097003
2015-12-30,3.45,41720.46506425994
2015-12-31,3.455,43231.17142676
2016-01-01,3.48,26619.20524724998
2016-01-02,3.47,18745.549109370033
2016-01-03,3.45202,43712.054441889886
2016-01-04,3.48365,33894.52925915978
2016-01-05,3.45746,25456.702181009554
2016-01-06,3.44549,18266.98138434
2016-01-07,3.57241,95267.43334078901
2016-01-08,3.54332,78764.52237556006
2016-01-09,3.53,58357.823234069605
2016-01-10,3.52687,42055.072376440236
2016-01-11,3.54576,75611.53360390957
2016-01-12,3.49071,34537.27055874003
2016-01-13,3.48004,107690.0176631
2016-01-14,3.48943,23243.27202756005
2016-01-15,3.00268,258859.24574535905
2016-01-16,3.1,309196.495233553
2016-01-17,2.99032,94546.80726483994
2016-01-18,3.0351,113912.90298245024
2016-01-19,3.01093,72900.10166108975
2016-01-20,3.35281,239920.96108381852
2016-01-21,3.23402,175930.8887491707
2016-01-22,3.11,131329.99487395023
2016-01-23,3.13,71628.11775234011
2016-01-24,3.17495,43218.8923900699
2016-01-25,3.14,47920.19036331995
2016-01-26,3.14,29450.58102380998
2016-01-27,3.2878,127555.80591785048
2016-01-28,3.11351,79935.59944672018
2016-01-29,3.11989,53255.30307045973
2016-01-30,3.09222,17019.390436570007
2016-01-31,3.07044,23619.96425397002
2016-02-01,3.10353,33505.45409640994
2016-02-02,3.084,12347.39425886
2016-02-03,3.041,23518.836532829984
2016-02-04,3.15166,76938.1025725001
2016-02-05,3.14,17041.715774250006
2016-02-06,3.1092,40994.32814741978
2016-02-07,3.0601,30586.44680663998
2016-02-08,3.07778,9575.378638860017
2016-02-09,3.07112,13314.95086801001
2016-02-10,3.1,21556.567833780013
2016-02-11,3.103,14624.556355870014
2016-02-12,3.104,16885.549076350002
2016-02-13,3.12899,31108.132285159943
2016-02-14,3.179,45918.4041065999
2016-02-15,3.12742,44529.94274702971
2016-02-16,3.17099,48244.46848506982
2016-02-17,3.234,76641.39290239998
2016-02-18,3.21,35076.77127821986
2016-02-19,3.20111,32161.13766422003
2016-02-20,3.39531,126141.1434704603
2016-02-21,3.41,142302.16824673035
2016-02-22,3.459,61312.88853811003
2016-02-23,3.38,64480.91432593003
2016-02-24,3.34,35865.41436115091
2016-02-25,3.34027,29712.700711760117
2016-02-26,3.41241,60191.46602342932
2016-02-27,3.3902,38459.06605070999
2016-02-28,3.40659,42712.72907468997
2016-02-29,3.3876,66052.65525761068
2016-03-01,3.39,39581.41384825007
2016-03-02,3.35504,44105.623331179835
2016-03-03,3.30009,88191.95974902036
2016-03-04,3.23,65284.91598104953
2016-03-05,3.19752,53067.577116630164
2016-03-06,3.21944,36446.15924389996
2016-03-07,3.241,38085.34899057011
2016-03-08,3.20776,34534.33678651982
2016-03-09,3.25,105368.56871487024
2016-03-10,3.2728,23717.883116779994
2016-03-11,3.3454,58663.735530309794
2016-03-12,3.2824,16773.507450880046
2016-03-13,3.29014,11784.01363663
2016-03-14,3.28234,25593.953925609952
2016-03-15,3.2929,23874.883315679905
2016-03-16,3.28206,11145.811143540026
2016-03-17,3.28854,31663.74642888995
2016-03-18,3.17335,52728.7832366898
2016-03-19,3.169,28455.701695959935
2016-03-20,3.18,16735.278226020055
2016-03-21,3.183,13555.16799946004
2016-03-22,3.20501,22781.710268919942
2016-03-23,3.21781,33032.32794179981
2016-03-24,3.2104,30311.303550899964
2016-03-25,3.21725,38380.20495600987
2016-03-26,3.19378,12715.640514910052
2016-03-27,3.2601,60230.28392891014
2016-03-28,3.241,47166.643324590026
2016-03-29,3.222,34703.570252229976
2016-03-30,3.219,19473.4158622
2016-03-31,3.247,42716.213797759934
2016-04-01,3.23,26068.612507760005
2016-04-02,3.23641,13867.712801540103
2016-04-03,3.21606,22428.81536513995
2016-04-04,3.21698,6488.72153709999
2016-04-05,3.2286,10109.241871599987
2016-04-06,3.211,6075.297544320019
2016-04-07,3.2022,2749.6267713400125
2016-04-08,3.206,29258.809551940005
2016-04-09,3.2021,9981.051352140004
2016-04-10,3.21,56186.232753900025
2016-04-11,3.217,7803.457643499998
2016-04-12,3.22329,18164.208966769995
2016-04-13,3.204,5720.093907020004
2016-04-14,3.21912,7554.681052290004
2016-04-15,3.234,16331.865476090165
2016-04-16,3.26051,6130.045362779989
2016-04-17,3.22255,5937.823527050004
2016-04-18,3.23,15359.463872999984
2016-04-19,3.23105,9790.579173290016
2016-04-20,3.242,21708.043673629967
2016-04-21,3.31992,27298.9850552999
2016-04-22,3.251,25859.35030633995
2016-04-23,3.29497,8543.29905695002
2016-04-24,3.54895,139399.61919541165
2016-04-25,3.75727,224850.4117842927
2016-04-26,4,224231.6649600638
2016-04-27,3.88899,368522.00313841796
2016-04-28,3.72383,131622.34692153122
2016-04-29,3.77,48087.76113279983
2016-04-30,3.6449,64826.55888371982
2016-05-01,3.685,19683.512837550006
2016-05-02,3.67988,46203.10854214967
2016-05-03,3.738,94628.79451047129
2016-05-04,3.7369,25987.23860229999
2016-05-05,3.67993,22764.602217050175
2016-05-06,3.74459,16858.700015379804
2016-05-07,3.91,126197.22806895326
2016-05-08,3.89691,23031.8718308
2016-05-09,4.01009,125539.87399955133
2016-05-10,3.78205,89467.01313500217
2016-05-11,3.86,111882.73707060037
2016-05-12,3.83,44437.44451296913
2016-05-13,3.9,107261.45993313943
2016-05-14,4.0119,92015.23392175951
2016-05-15,4.031,60097.661436079514
2016-05-16,3.99,121273.07314172089
2016-05-17,3.96489,74943.38030408988
2016-05-18,3.99157,82434.69192418085
2016-05-19,3.84,143983.58605406276
2016-05-20,3.867,224931.46753085035
2016-05-21,3.94256,73640.50331788925
2016-05-22,3.92153,25801.6457766999
2016-05-23,3.97184,22155.52369924982
2016-05-24,3.9421,15346.64837417005
2016-05-25,4.067,91631.35945935058
2016-05-26,4.067,123068.61935335014
2016-05-27,4.41898,312150.1310659176
2016-05-28,4.35187,271566.733524937
2016-05-29,4.365,182540.88049623533
2016-05-30,4.502,86750.63266798058
2016-05-31,4.52493,141926.66512474138
2016-06-01,4.62,113195.68897909016
2016-06-02,4.627,27633.4321259295
2016-06-03,4.71,61012.55556370899
2016-06-04,4.72981,64678.94886936909
2016-06-05,4.7,23104.779617850014
2016-06-06,4.89641,108635.28902596052
2016-06-07,4.678,89028.1309173715
2016-06-08,4.667,46441.969376859415
2016-06-09,4.639,43842.54413363916
2016-06-10,4.7244,42620.40156097921
2016-06-11,4.87012,42358.64039920907
2016-06-12,4.98595,186974.60774336485
2016-06-13,5.14,204620.87890426235
2016-06-14,5.1,151310.89212347046
2016-06-15,5.06531,31042.031649859484
2016-06-16,5.39876,291614.84645777027
2016-06-17,5.4,247031.82985981274
2016-06-18,5.35999,97841.22448054168
2016-06-19,5.35368,29763.953478419113
2016-06-20,5.05927,86558.47154916092
2016-06-21,4.66598,340132.86959719163
2016-06-22,3.6462,364208.98754069395
2016-06-23,3.736,361409.8378738146
2016-06-24,4.11236,290937.3079195279
2016-06-25,4.09,106011.8900749201
2016-06-26,3.95231,87256.96565013991
2016-06-27,4.03409,35601.00668631991
2016-06-28,3.9703,60423.71053361985
2016-06-29,3.96166,21801.49921228997
2016-06-30,4.09832,56602.627004279566
2016-07-01,4.18,83974.91900283984
2016-07-02,4.495,82556.51423584997
2016-07-03,4.21795,93533.2778989006
2016-07-04,4.42,78666.11095186994
2016-07-05,4.3453,60574.06915018964
2016-07-06,4.37,14693.644557520018
2016-07-07,4.0321,235543.39441739998
2016-07-08,4.1099,75647.84478575022
2016-07-09,4.05,70549.14230224988
2016-07-10,4.05,17955.351177009987
2016-07-11,4.04614,48806.63641906986
2016-07-12,4.0749,44418.5764223898
2016-07-13,4.072,20140.54524372999
2016-07-14,4.085,8209.282328210084
2016-07-15,4.09951,20066.30662687999
2016-07-16,4.07884,11148.273566660235
2016-07-17,4.12036,27847.973893049286
2016-07-18,4.0624,19566.02182093968
2016-07-19,4.0912,15212.864964270026
2016-07-20,4.08,43400.58328480923
2016-07-21,4.1,15328.189979100178
2016-07-22,4.0084,48706.02980854982
2016-07-23,3.9889,9974.642384850009
2016-07-24,4.023,20733.8376812198
2016-07-25,3.9816,9920.361055190018
2016-07-26,3.944,48469.74602168003
2016-07-27,3.9211,17374.449505850054
2016-07-28,3.9459,25348.508614289804
2016-07-29,4.01528,23474.657316609762
2016-07-30,4.0366,5279.008293350011
2016-07-31,3.94898,25732.88697827013
2016-08-01,3.85,27426.626468029248
2016-08-02,3.65385,190037.32896316022
2016-08-03,3.71672,48127.22864782914
2016-08-04,3.76,25909.402966500045
2016-08-05,3.748,10241.207655230015
2016-08-06,3.756,26682.054586189694
2016-08-07,3.78457,27985.839253059596
2016-08-08,3.7585,21576.59852821016
2016-08-09,3.71869,26095.333212499885
2016-08-10,3.72485,28645.958072449885
2016-08-11,3.717,34221.18387855963
2016-08-12,3.68999,29838.31356745954
2016-08-13,3.7044,31096.68477267007
2016-08-14,3.61958,43996.34180365961
2016-08-15,3.56599,28240.502231289665
2016-08-16,3.621,32573.499519209938
2016-08-17,3.58666,26625.721236080044
2016-08-18,3.59287,14207.623799230198
2016-08-19,3.59696,16293.58401825007
2016-08-20,3.601,14664.47217979003
2016-08-21,3.58796,12767.276129830036
2016-08-22,3.65959,72201.23782194997
2016-08-23,3.92674,342885.6678074074
2016-08-24,3.85,108066.135371741
2016-08-25,3.7955,81884.20612093937
2016-08-26,3.8095,61019.86293921888
2016-08-27,3.75357,30048.50071646006
2016-08-28,3.72786,28408.427499119985
2016-08-29,3.758,34016.43175355974
2016-08-30,3.79601,37188.29951141982
2016-08-31,3.82064,15684.335225430059
2016-09-01,3.841,32109.69963388923
2016-09-02,3.82608,36025.61644044996
2016-09-03,3.90094,20153.466909699615
2016-09-04,3.96011,26468.066063469967
2016-09-05,3.93366,11622.61464568019
